"","Death","Time","age","pathologic_stage","pathologic_T","pathologic_N","pathologic_M","gender"
"TCGA.05.4244","0",0,"70","stage iv","t2","n2","m1","male"
"TCGA.05.4249","0",1523,"67","stage ib","t2","n0","m0","male"
"TCGA.05.4250","1",121,"79","stage iiia","t3","n1","m0","female"
"TCGA.05.4382","0",607,"68","stage ib","t2","n0","m0","male"
"TCGA.05.4384","0",426,"66","stage iiia","t2","n2","m0","male"
"TCGA.05.4389","0",1369,"70","stage ia","t1","n0","m0","male"
"TCGA.05.4390","0",1126,"58","stage ib","t2","n0","m0","female"
"TCGA.05.4395","1",0,"76","stage iiib","t4","n2","m0","male"
"TCGA.05.4396","1",303,"76","stage iiib","t4","n1","m0","male"
"TCGA.05.4397","1",731,"65","stage iib","t2","n1","m0","male"
"TCGA.05.4398","0",1431,"47","stage iiib","t4","n3","m0","female"
"TCGA.05.4402","1",244,"57","stage iv","t2","nx","m1","female"
"TCGA.05.4403","0",578,"76","stage ib","t2","n0","m0","male"
"TCGA.05.4405","0",610,"74","stage ib","t2","n0","m0","female"
"TCGA.05.4410","0",0,"62","stage ib","t2","n0","m0","male"
"TCGA.05.4415","1",91,"57","stage iiib","t4","n2","m0","male"
"TCGA.05.4417","0",455,"51","stage ib","t2","n0","m0","female"
"TCGA.05.4418","1",274,"69","stage iiia","t3","n2","m0","male"
"TCGA.05.4420","0",912,"41","stage ib","t2","n0","m0","male"
"TCGA.05.4422","0",365,"68","stage ib","t2","n0","m0","male"
"TCGA.05.4424","0",913,"70","stage iib","t3","n0","m0","male"
"TCGA.05.4425","0",669,"70","stage iv","t2","n0","m1","female"
"TCGA.05.4426","0",791,"71","stage ib","t2","n0","m0","male"
"TCGA.05.4427","0",791,"65","stage iib","t2","n1","m0","female"
"TCGA.05.4430","0",761,"59","stage ib","t2","n0","m0","female"
"TCGA.05.4432","0",761,"66","stage iib","t2","n1","m0","male"
"TCGA.05.4433","0",730,"82","stage ib","t2","n0","m0","male"
"TCGA.05.4434","1",457,"67","stage iv","t4","n1","m1","female"
"TCGA.05.5420","0",457,"67","stage iiia","t2","n2","m0","male"
"TCGA.05.5423","0",151,"65","stage iib","t2","n1","m0","male"
"TCGA.05.5425","0",882,"68","stage iib","t2b","n1","m0","male"
"TCGA.05.5428","0",670,"57","stage iia","t1b","n1","m0","male"
"TCGA.05.5429","1",275,"60","stage iiia","t3","n2","m0","male"
"TCGA.05.5715","0",62,"69","stage ib","t2a","n0","m0","female"
"TCGA.35.3615","0",14,"57","stage ib","t2","n0","m0","male"
"TCGA.35.4122","0",225,"69","stage ia","t1","n0","m0","male"
"TCGA.35.4123","0",182,"38","stage ia","t1","n0","m0","male"
"TCGA.35.5375","0",264,"61","stage iiia","t2","n2","m0","male"
"TCGA.38.4625","0",2973,"66","stage ib","t2a","n0","m0","female"
"TCGA.38.4626","0",3674,"57",NA,"t2b","n0","m0","female"
"TCGA.38.4627","1",1147,"64","stage iia","t1b","n1","m0","female"
"TCGA.38.4628","1",1492,"65","stage iib","t2","n1","m0","female"
"TCGA.38.4629","1",864,"68","stage iib","t3","n0","m0","male"
"TCGA.38.4630","1",1073,"75","stage ib","t2","n0","m0","female"
"TCGA.38.4631","1",354,"72","stage ib","t2","n0","m0","female"
"TCGA.38.4632","1",1357,"42","stage iv","t2","n1","m1","male"
"TCGA.38.6178","0",448,"70","stage iiia","t2b","n2",NA,"female"
"TCGA.38.7271","1",800,"72","stage ia","t1","n0","m0","female"
"TCGA.38.A44F","0",133,"80","stage ib","t2a","n0","m0","male"
"TCGA.44.2655","0",1324,"65","stage ia","t1","n0","m0","female"
"TCGA.44.2656","0",1429,"59","stage ib","t2","n0","m0","male"
"TCGA.44.2657","0",1351,"74","stage ib","t2","nx","m0","female"
"TCGA.44.2659","0",1367,"65","stage iib","t1","n1","m0","female"
"TCGA.44.2661","0",1159,"69","stage ia","t1","n0","m0","female"
"TCGA.44.2662","0",1280,"65","stage ib","t2","n0","m0","male"
"TCGA.44.2665","0",1301,"55","stage iib","t2","n1","m0","female"
"TCGA.44.2666","1",97,"43","stage ib","t2","n0","m0","male"
"TCGA.44.2668","1",761,"51","stage ib","t2","n0","m0","male"
"TCGA.44.3396","0",1130,"74","stage iiia","t2","n2","m0","female"
"TCGA.44.3398","0",1163,"77","stage ia","t1b","n0","m0","female"
"TCGA.44.3918","0",1036,"60","stage ia","t1","n0","m0","female"
"TCGA.44.3919","1",1026,"71","stage ia","t1","n0","m0","female"
"TCGA.44.4112","1",808,"60","stage ib","t2a","n0","m0","female"
"TCGA.44.5643","0",1013,"53","stage iiia","t2b","n2","m0","male"
"TCGA.44.5644","0",863,"51","stage ib","t2a","n0",NA,"female"
"TCGA.44.5645","0",852,"61","stage ia","t1","nx",NA,"female"
"TCGA.44.6144","0",723,"58","stage ia","t1a","n0","m0","male"
"TCGA.44.6145","0",595,"62","stage ia","t1","n0","m0","female"
"TCGA.44.6146","0",728,"64","stage iib","t3","n0","m0","male"
"TCGA.44.6147","0",845,"67","stage ia","t1b","nx","m0","female"
"TCGA.44.6148","0",704,"60","stage ia","t1b","n0","m0","male"
"TCGA.44.6774","0",658,"56","stage iiia","t1","n2","m0","female"
"TCGA.44.6775","0",705,"72","stage ib","t2a","n0","mx","female"
"TCGA.44.6776","0",2616,"60","stage ia","t1","n0","mx","female"
"TCGA.44.6777","1",987,"85","stage ib","t2","nx","mx","female"
"TCGA.44.6778","0",1864,"59","stage ia","t1","n0","mx","male"
"TCGA.44.6779","1",500,"50","stage iib","t2","n1","mx","female"
"TCGA.44.7659","0",691,"70","stage ia","t1b","n0","mx","male"
"TCGA.44.7660","0",592,"72","stage ib","t2","n0","mx","male"
"TCGA.44.7661","1",557,"69","stage ib","t2a","n0","m0","female"
"TCGA.44.7662","0",218,"61","stage ib","t2a","n0","mx","male"
"TCGA.44.7667","0",1097,"49","stage iib","t3","n0","mx","female"
"TCGA.44.7669","1",574,"59","stage iia","t1b","n1","mx","male"
"TCGA.44.7670","0",882,"47","stage iia","t1b","n1","m0","female"
"TCGA.44.7671","0",889,"64","stage ib","t2a","n0","m0","male"
"TCGA.44.7672","0",719,"52","stage ia","t1b","n0","m0","female"
"TCGA.44.8117","0",385,"54","stage ib","t2a","n0","m0","female"
"TCGA.44.8119","0",285,"73","stage iib","t3","n0","m0","male"
"TCGA.44.8120","0",260,"58","stage ib","t2a","n0","m0","male"
"TCGA.44.A479","0",486,"73","stage ib","t2","n0","mx","female"
"TCGA.44.A47A","0",466,"78","stage ib","t2a","n0","mx","female"
"TCGA.44.A47B","0",287,"79","stage ib","t2a","n0","m0","male"
"TCGA.44.A47G","0",351,"73","stage ia","t1","n0","m0","female"
"TCGA.44.A4SS","0",415,"73","stage ia","t1b","n0","m0","male"
"TCGA.44.A4SU","1",409,"67","stage ia","t1a","n0","mx","female"
"TCGA.49.4486","1",2318,"72","stage ia","t1","n0","m0","male"
"TCGA.49.4487","1",855,"72","stage ia","t1","n0","m0","female"
"TCGA.49.4488","1",869,"74","stage ia","t1","n0","mx","female"
"TCGA.49.4490","1",385,"45","stage iiia","t3","n2","m0","female"
"TCGA.49.4494","1",1081,"77","stage iiia","t3","n2","m0","male"
"TCGA.49.4501","1",1421,"67","stage ib","t2","n0","m0","female"
"TCGA.49.4505","1",428,"61","stage iib","t2","n1","m0","female"
"TCGA.49.4506","1",999,"68","stage iib","t2","n1","m0","female"
"TCGA.49.4507","1",268,"73","stage iiia","t3","n1","m0","female"
"TCGA.49.4510","1",896,"51","stage iib","t2","n1","m0","female"
"TCGA.49.4512","1",905,"69","stage iiia","t2","n2","mx","female"
"TCGA.49.4514","0",1700,"79","stage ia","t1","n0","m0","female"
"TCGA.49.6742","1",488,"70","stage iia","t2a","n1","m0","male"
"TCGA.49.6743","0",1621,"81","stage iiia","t1","n2","mx","female"
"TCGA.49.6744","0",1683,"64","stage iia","t2a","n1","mx","female"
"TCGA.49.6745","0",522,"82","stage iiia","t2a","n2","m0","male"
"TCGA.49.6761","0",354,"68","stage iiia","t1","n2","mx","female"
"TCGA.49.6767","0",677,"46","stage iib","t3","n0","mx","female"
"TCGA.49.AAQV","1",677,"63","stage ii","t1","n1","mx","female"
"TCGA.49.AAR0","0",4765,"57","stage ia","t1","n0","mx","male"
"TCGA.49.AAR2","0",2224,"64","stage ib","t2","n0","mx","male"
"TCGA.49.AAR3","0",1893,"69","stage iib","t2","n1","mx","male"
"TCGA.49.AAR4","1",879,"51","stage iiia","t2","n2","mx","male"
"TCGA.49.AAR9","1",260,"61","stage iib","t3","n0","mx","male"
"TCGA.49.AARE","1",1229,"51","stage ia","t1","n0","mx","female"
"TCGA.49.AARN","1",1135,"56","stage ia","t1","n0","mx","female"
"TCGA.49.AARO","0",3759,"39","stage ia","t1a","n0","mx","female"
"TCGA.49.AARQ","0",6732,"41","stage i","t2","n0","mx","female"
"TCGA.49.AARR","0",4992,"68","stage ia","t1","n0","mx","male"
"TCGA.4B.A93V","1",300,"52","stage ia","t1b","n0","m0","female"
"TCGA.50.5044","1",624,"72","stage iiib","t4","n1","m0","female"
"TCGA.50.5045","1",2174,"57",NA,"t2","n1","m0","female"
"TCGA.50.5049","0",3094,"70","stage ia","t2","n0","m0","male"
"TCGA.50.5051","1",478,"42","stage iiia","t2","n2","m0","female"
"TCGA.50.5055","1",1830,"79","stage iia","t1","n1","m0","female"
"TCGA.50.5066","0",1442,"72","stage ib","t2","n0","m0","male"
"TCGA.50.5068","1",1499,"59","stage iib","t2","n1","mx","female"
"TCGA.50.5072","1",250,"74","stage iiia","t2","n2","m0","male"
"TCGA.50.5930","1",282,"47","stage iiia","t2","n2","m0","male"
"TCGA.50.5931","1",434,"75","stage ib","t2","n0","m0","female"
"TCGA.50.5932","1",1235,"75","stage iib","t2","n1","m0","male"
"TCGA.50.5933","1",2393,"72","stage iiib","t4","n2","m0","male"
"TCGA.50.5935","1",653,"86","stage ia","t1","n0","m0","female"
"TCGA.50.5936","1",257,"58","stage iiia","t2","n2","m0","male"
"TCGA.50.5939","1",460,"85","stage ib","t2","n0","m0","male"
"TCGA.50.5941","0",1474,"55","stage iiia","t2a","n2","m0","female"
"TCGA.50.5942","0",1847,"67","stage ia","t1","n0","m0","female"
"TCGA.50.5944","0",1750,"69","stage ia","t1","n0","m0","female"
"TCGA.50.5946","0",1617,"62","stage ia","t1","n0","mx","male"
"TCGA.50.6590","1",1288,"72","stage ib","t2","n0","m0","female"
"TCGA.50.6591","1",119,"63","stage iv","t2","n0","m1","female"
"TCGA.50.6592","1",777,"71","stage ib","t2","n0","m0","female"
"TCGA.50.6593","1",336,"49","stage iiia","t1","n2","m0","female"
"TCGA.50.6594","1",370,"79","stage iiia","t3","n2","m0","female"
"TCGA.50.6595","1",189,"74","stage iiia","t2","n2","m0","female"
"TCGA.50.6597","1",1268,"79","stage ib","t2","n0","m0","female"
"TCGA.50.6673","1",22,"84","stage i","t1","n0","m0","female"
"TCGA.50.7109","1",308,"60","stage ia","t1","n0","m0","male"
"TCGA.50.8457","0",1125,"63","stage ia","t1a","n0","m0","female"
"TCGA.50.8459","0",1119,"68","stage iib","t3","n0","m0","male"
"TCGA.50.8460","0",829,"74","stage ia","t1a","n0","m0","male"
"TCGA.53.7624","1",1043,"40","stage iv","t2","n0","m1","female"
"TCGA.53.7626","1",929,"76","stage iia","t1","n1","m0","female"
"TCGA.53.7813","0",424,"51","stage iiib","t4","n0","m0","female"
"TCGA.53.A4EZ","0",1071,"63","stage iia","t2a","n1","mx","male"
"TCGA.55.1592","1",701,NA,"stage ia","t2","n0","m0","male"
"TCGA.55.1594","0",1178,"68","stage iiia","t2","n2","m0","male"
"TCGA.55.1595","0",1479,NA,"stage ia","t1","n0","m0","female"
"TCGA.55.1596","0",2065,"55","stage iib","t2","n1","m0","male"
"TCGA.55.5899","0",930,NA,NA,"t1a","n1","m0","male"
"TCGA.55.6543","0",435,NA,"stage ia","t1b","n0","mx","female"
"TCGA.55.6642","0",2449,"63","stage ib","t2","n0","mx","male"
"TCGA.55.6712","1",171,NA,"stage iia","t2a","n1","mx","male"
"TCGA.55.6968","1",1293,"61","stage iv","t1","n0","m1","male"
"TCGA.55.6969","0",1239,"52","stage ib","t2","n0","m0","male"
"TCGA.55.6970","1",464,"67","stage iiia","t2","n2","mx","female"
"TCGA.55.6971","0",1400,"59","stage ib","t2","n0","mx","female"
"TCGA.55.6972","1",1632,"72","stage ib","t2","n0","m0","male"
"TCGA.55.6975","1",118,NA,"stage iib","t2","n1","m0","male"
"TCGA.55.6978","1",176,NA,"stage iia","t2b","n0","mx","male"
"TCGA.55.6979","1",237,"59","stage iib","t2","n1","m0","female"
"TCGA.55.6980","0",2109,NA,"stage ia","t1","n0","m0","male"
"TCGA.55.6981","1",1379,"53","stage iiia","t1","n2","m0","female"
"TCGA.55.6982","1",995,NA,"stage iib","t2","n1","m0","female"
"TCGA.55.6983","0",2823,NA,"stage iib","t2","n1","m0","male"
"TCGA.55.6984","1",760,NA,"stage iib","t2","n1","m0","female"
"TCGA.55.6985","0",1233,"58","stage ib","t2","n0","mx","female"
"TCGA.55.6986","0",3261,NA,"stage ib","t2","n0","m0","female"
"TCGA.55.6987","0",2137,"77","stage ia","t1","n0","m0","male"
"TCGA.55.7227","1",952,"77","stage iiia","t3","n1","mx","male"
"TCGA.55.7281","0",872,"70","stage ia","t1b","n0","m0","female"
"TCGA.55.7283","0",609,"76","stage iiia","t3","n2","mx","female"
"TCGA.55.7284","1",243,"74","stage iib","t3","n0","mx","male"
"TCGA.55.7570","0",824,"60","stage ia","t1a","n0","mx","male"
"TCGA.55.7573","0",487,"72","stage ia","t1b","n0","mx","female"
"TCGA.55.7574","1",995,"64","stage ib","t2a","n0","m0","female"
"TCGA.55.7576","0",670,"54","stage ib","t2a","n0","m0","male"
"TCGA.55.7724","0",705,"76","stage ib","t2a","n0","mx","female"
"TCGA.55.7725","0",442,"68","stage ia","t1a","n0","mx","female"
"TCGA.55.7726","0",652,"72","stage ia","t1b","n0","mx","female"
"TCGA.55.7727","0",119,"70","stage iiia","t1a","n2","mx","male"
"TCGA.55.7728","0",704,"64","stage ib","t2a","n0","mx","female"
"TCGA.55.7815","0",773,"76","stage ib","t2a","n0","mx","male"
"TCGA.55.7816","1",468,"49","stage iv","tx","nx","mx","female"
"TCGA.55.7903","0",567,"64","stage ia","t1b","n0","mx","male"
"TCGA.55.7907","1",343,"77","stage iia","t2a","n1","mx","male"
"TCGA.55.7910","0",1040,"50","stage iia","t2b","n0","m0","female"
"TCGA.55.7911","0",537,"70","stage ia","t1a","n0","mx","female"
"TCGA.55.7913","1",561,"61","stage ia","t1b","n0","mx","female"
"TCGA.55.7914","1",187,"71","stage iia","t1b","n1","mx","female"
"TCGA.55.7994","0",603,"81","stage iib","t3","n0","mx","male"
"TCGA.55.7995","0",889,"73","stage ia","t1b","n0","m0","female"
"TCGA.55.8085","0",904,"64","stage ia","t1b","n0","m0","male"
"TCGA.55.8087","0",462,"59","stage ib","t2a","n0","mx","female"
"TCGA.55.8089","1",702,"56","stage ia","t1a","n0","m0","male"
"TCGA.55.8090","1",598,"80","stage ia","t1a","n0","m0","male"
"TCGA.55.8091","0",600,"74","stage ib","t2","n0","mx","male"
"TCGA.55.8092","1",154,"75","stage iib","t3","n0","mx","male"
"TCGA.55.8094","0",541,"51","stage iv","t2b","n0","m1b","male"
"TCGA.55.8096","1",719,"67","stage ib","t2a","n0","mx","female"
"TCGA.55.8097","0",476,"60","stage ia","t1a","n0","mx","female"
"TCGA.55.8203","0",547,"69","stage ia","t1b","n0","m0","female"
"TCGA.55.8204","0",515,"87","stage ib","t2a","n0","mx","female"
"TCGA.55.8205","0",599,"76","stage iia","t2b","n0","m0","female"
"TCGA.55.8206","0",888,"56","stage ia","t1b","n0","m0","male"
"TCGA.55.8207","0",977,"73","stage ib","t2a","n0","mx","male"
"TCGA.55.8208","0",674,"73","stage ia","t1b","n0","m0","female"
"TCGA.55.8299","1",469,"61","stage ia","t1b","n0","mx","female"
"TCGA.55.8301","0",534,"58","stage ib","t2a","n0","mx","male"
"TCGA.55.8302","0",478,"54","stage ib","t2","n0","mx","male"
"TCGA.55.8505","0",440,"62","stage iiia","t1a","n2","mx","male"
"TCGA.55.8506","0",11,"62","stage iib","t3","n0","mx","female"
"TCGA.55.8507","0",418,"53","stage ia","t1a","n0","mx","male"
"TCGA.55.8508","0",617,"60","stage iia","t2a","n1","mx","female"
"TCGA.55.8510","0",539,"55","stage ib","t2a","n0","mx","female"
"TCGA.55.8511","0",552,"73","stage ib","t2a","n0","mx","female"
"TCGA.55.8512","1",607,"41","stage iv","t1a","n1","m1b","male"
"TCGA.55.8513","0",791,"77","stage iib","t3","n0","mx","female"
"TCGA.55.8514","0",520,"70","stage ib","t2a","n0","mx","female"
"TCGA.55.8614","0",536,"76","stage ib","t2a","n0","mx","male"
"TCGA.55.8615","0",446,"67","stage iiia","t3","n2","mx","male"
"TCGA.55.8616","0",48,"58","stage ib","t2a","n0","m0","female"
"TCGA.55.8619","0",416,"72","stage iib","t3","n0","mx","female"
"TCGA.55.8620","1",375,"60","stage iv","t1a","n1","m1b","male"
"TCGA.55.8621","0",515,"75","stage ia","t1a","n0","mx","female"
"TCGA.55.A48X","0",689,"63","stage iia","t1b","n1","m0","female"
"TCGA.55.A48Y","0",630,"69","stage iia","t2b","n0","m0","male"
"TCGA.55.A48Z","0",651,"60","stage iiib","t1a","n3","mx","female"
"TCGA.55.A490","1",99,"78","stage iia","t2b","n0","mx","male"
"TCGA.55.A491","0",626,"81","stage ia","t1b","n0","mx","female"
"TCGA.55.A492","0",596,"70","stage ia","t1a","n0","mx","female"
"TCGA.55.A493","0",28,"54","stage ib","t2a","n0","m0","female"
"TCGA.55.A494","0",481,"61","stage ib","t2a","n0","mx","female"
"TCGA.55.A4DF","1",614,"88","stage ia","t1b","n0","mx","male"
"TCGA.55.A4DG","0",608,"71","stage ia","t1b","n0","mx","male"
"TCGA.55.A57B","0",546,"80","stage ia","t1b","n0","m0","female"
"TCGA.62.8394","1",139,"65","stage iiib","t4","n2","m0","female"
"TCGA.62.8395","0",1216,"80","stage iib","t3","n0","m0","female"
"TCGA.62.8397","0",1289,"70","stage iib","t3","n0","m0","female"
"TCGA.62.8398","1",444,"55","stage iiia","t2","n2","m0","male"
"TCGA.62.8399","0",2696,"62","stage iiia","t2","n2","m0","male"
"TCGA.62.8402","1",1498,"73","stage iiia","t2","n2","m0","female"
"TCGA.62.A46O","1",1454,"65","stage ib","t2","n0","m0","female"
"TCGA.62.A46P","1",594,"65","stage ib","t2","n0","m0","male"
"TCGA.62.A46R","1",1725,"54","stage ib","t2","n0","m0","female"
"TCGA.62.A46S","1",1653,"73","stage ib","t2","n0","m0","male"
"TCGA.62.A46U","0",2067,"71","stage iib","t2","n1","m0","female"
"TCGA.62.A46V","0",2199,"78","stage ib","t2","n0","m0","female"
"TCGA.62.A46Y","1",414,"70","stage iiia","t2","n2","m0","female"
"TCGA.62.A470","1",1194,"84","stage ib","t2","n0","m0","male"
"TCGA.62.A471","0",1246,"64","stage iib","t2b","n1","m0","male"
"TCGA.62.A472","0",910,"70","stage iib","t3","n0","m0","male"
"TCGA.64.1676","0",1728,"58","stage ia","t1a","n0","m0","male"
"TCGA.64.1677","1",628,"77","stage iiia","t2","n2","m0","female"
"TCGA.64.1678","0",1189,"70",NA,"t2b","n0","m0","female"
"TCGA.64.1679","0",2488,"58","stage iiia","t1","n2","m0","female"
"TCGA.64.1680","0",1126,"63","stage iv","t2a","n2","m1","male"
"TCGA.64.1681","1",1167,"61","stage ia","t1","n0","m0","female"
"TCGA.64.5774","0",2676,"60","stage ib","t2","n0","m0","male"
"TCGA.64.5775","1",62,"71","stage iiia","t4","n0","m0","male"
"TCGA.64.5778","0",1305,"60","stage ib","t2","n0","m0","male"
"TCGA.64.5779","0",864,"61","stage iiia","t2","n2","m0","male"
"TCGA.64.5781","0",1559,"55","stage ib","t2","n0","m0","female"
"TCGA.64.5815","0",866,"74","stage iib","t2","n1","m0","male"
"TCGA.67.3770","0",610,"70","stage ia","t1","n0","m0","female"
"TCGA.67.3771","0",610,"77","stage ia","t1","n0","m0","female"
"TCGA.67.3772","0",573,"82","stage ib","t2","n0","m0","female"
"TCGA.67.3773","0",427,"84","stage ib","t2","n0","m0","female"
"TCGA.67.3774","0",385,"73","stage ib","t2","n0","m0","female"
"TCGA.67.4679","0",448,"69",NA,"t3","n0","m0","male"
"TCGA.67.6215","0",174,"52","stage ib","t2a","n0","m0","female"
"TCGA.67.6216","0",141,"57","stage ia","t1a","n0","m0","female"
"TCGA.67.6217","0",422,"73","stage iia","t2a","n1","m0","female"
"TCGA.69.7760","0",202,"73","stage iib","t3","n0","m0","male"
"TCGA.69.7761","0",186,"84","stage ib","t2a","n0","mx","male"
"TCGA.69.7763","0",690,"69","stage ia","t1b","n0","m0","male"
"TCGA.69.7764","0",414,"75","stage ia","t1b","n0","m0","male"
"TCGA.69.7765","0",165,"56",NA,"t4","n0","mx","male"
"TCGA.69.7973","0",230,"42","stage ib","t2a","n0","m0","female"
"TCGA.69.7974","0",184,"54","stage iiia","t2a","n2","mx","female"
"TCGA.69.7978","0",134,"59","stage iib","t2b","n1","mx","male"
"TCGA.69.7979","0",408,"71","stage ib","t2a","n0","mx","female"
"TCGA.69.7980","0",411,"70","stage i","t1b","n0","m0","female"
"TCGA.69.8253","0",426,"59","stage iia","t1a","n1","mx","female"
"TCGA.69.8254","0",409,"85",NA,"t2b",NA,NA,"male"
"TCGA.69.8255","0",129,"71","stage ia","t1a","n0","m0","male"
"TCGA.69.8453","0",813,"77","stage iib","t3","n0","mx","male"
"TCGA.69.A59K","0",591,"60","stage iib","t3","n0","m0","female"
"TCGA.71.6725","0",256,"48","stage ib","t2","n0","m0","female"
"TCGA.71.8520","1",210,"60","stage ib","t2","n0","m0","female"
"TCGA.73.4658","1",1600,"80","stage ib","t2","n0","m0","female"
"TCGA.73.4659","1",711,"66","stage iiia","t2","n2","m0","male"
"TCGA.73.4662","0",2515,"65","stage ia","t1","n0","m0","female"
"TCGA.73.4666","0",800,"52","stage iv","t1","n0","m1","female"
"TCGA.73.4668","0",467,"66","stage iib","t2","n1","m0","female"
"TCGA.73.4670","0",131,"69","stage iv","t2","n0","m1","female"
"TCGA.73.4675","1",922,"59","stage iiia","t3","n1","m0","male"
"TCGA.73.4676","1",281,"45","stage iia","t2a","n1","m0","male"
"TCGA.73.4677","1",38,"74",NA,"t2a","n0","m0","male"
"TCGA.73.7498","0",1189,"58","stage ia","t1b","n0","m0","female"
"TCGA.73.7499","1",1531,"81","stage ib","t2a","n0","m0","female"
"TCGA.73.A9RS","1",340,"41","stage iib","t3","n0","m0","male"
"TCGA.75.5122","1",NA,NA,"stage ib","t2","n0","m0","male"
"TCGA.75.5125","1",2027,NA,"stage iib","t2","n1","m0","male"
"TCGA.75.5126","0",NA,NA,"stage iiia","t3","n2","m0","female"
"TCGA.75.5146","0",2368,NA,"stage ib","t2","n0","m0","male"
"TCGA.75.5147","0",1333,NA,"stage ib","t2","n0","m0","female"
"TCGA.75.6203","0",NA,NA,"stage iiia","t2","n2","m0","female"
"TCGA.75.6205","1",NA,NA,"stage ib","t2a","n0","m0","female"
"TCGA.75.6206","0",2590,NA,"stage ib","t2","n0","m0","male"
"TCGA.75.6207","1",NA,NA,"stage iiia","t2","n2","m0","male"
"TCGA.75.6211","1",NA,NA,"stage ib","t2","n0","m0","female"
"TCGA.75.6212","1",1516,NA,"stage iib","t2","n1","m0","female"
"TCGA.75.6214","1",1115,NA,"stage iiia","t2","n2","m0","female"
"TCGA.75.7025","0",3305,NA,"stage ib","t2","n0","m0","male"
"TCGA.75.7027","0",3059,NA,"stage ib","t2","n0","m0","male"
"TCGA.75.7030","0",NA,NA,"stage iib","t3","n0","m0","male"
"TCGA.75.7031","0",NA,NA,"stage ib","t2","n0","m0","female"
"TCGA.78.7143","1",4961,"62","stage ib","t2","n0","m0","female"
"TCGA.78.7145","1",826,"52","stage iv","t4","n1","m1","female"
"TCGA.78.7146","1",173,"71","stage iiia","t2","n2","m0","female"
"TCGA.78.7147","1",586,"67","stage iib","t2","n1","m0","female"
"TCGA.78.7148","1",626,"71","stage iib","t2","n1","m0","male"
"TCGA.78.7149","0",3940,"71","stage iiib","t4","n0","m0","male"
"TCGA.78.7150","1",666,"59","stage iib","t2","n1","m0","male"
"TCGA.78.7152","1",1215,"65","stage ib","t2","n0","m0","male"
"TCGA.78.7153","0",3635,"65","stage ib","t2","n0","m0","female"
"TCGA.78.7154","1",593,"72","stage iiia","t3","n2","m0","male"
"TCGA.78.7155","1",1171,"68","stage ib","t2","n0","m0","male"
"TCGA.78.7156","1",976,"62","stage iv","t4","n1","m1","male"
"TCGA.78.7158","1",179,"59","stage iiib","t4","n2","m0","female"
"TCGA.78.7159","0",1974,"60","stage ia","t1","nx","m0","female"
"TCGA.78.7160","1",697,"61","stage iv","t4","n2","m1","male"
"TCGA.78.7161","1",291,"69","stage iib","t3","n0","m0","female"
"TCGA.78.7162","1",3169,"75","stage ia","t1","n0","m0","male"
"TCGA.78.7163","0",7248,"60","stage ib","t2","n0","m0","male"
"TCGA.78.7166","1",258,"84","stage iib","t2","n1","m0","male"
"TCGA.78.7167","1",2681,"77","stage iv","t2","n0","m1","male"
"TCGA.78.7220","1",807,"53","stage iiia","t2","n2","m0","female"
"TCGA.78.7535","1",949,"45","stage ib","t2","n0","m0","male"
"TCGA.78.7536","1",244,"69","stage iiia","t2","n2","m0","male"
"TCGA.78.7537","1",1622,"72","stage ib","t2","n0","m0","male"
"TCGA.78.7539","0",791,"75","stage iia","t2b","n0","m0","female"
"TCGA.78.7540","1",1197,"66","stage ib","t2","n0","m0","female"
"TCGA.78.7542","1",321,"56","stage ib","t2","n0","m0","male"
"TCGA.78.7633","1",1528,"67","stage ib","t2","n0","m0","male"
"TCGA.78.8640","0",7062,"59","stage iia","t1","n1","m0","male"
"TCGA.78.8648","1",1209,"58","stage iib","t3","n0","m0","female"
"TCGA.78.8655","0",2360,"77","stage ia","t1","n0","m0","female"
"TCGA.78.8660","1",321,"69","stage iib","t2","n1","m0","male"
"TCGA.78.8662","1",3361,"53","stage ib","t2","n0","m0","female"
"TCGA.80.5607","0",NA,NA,"stage iib","t2","n1","m0","female"
"TCGA.80.5608","0",2832,NA,"stage ia","t1","n0","m0","female"
"TCGA.80.5611","0",2595,NA,"stage ib","t2","n0","m0","male"
"TCGA.83.5908","0",824,"59","stage ia","t1","n0","m0","female"
"TCGA.86.6562","1",376,"52","stage iia","t2a","n1","m0","male"
"TCGA.86.6851","0",179,"73","stage iia","t1b","n1","m0","female"
"TCGA.86.7701","0",947,"66","stage iv","t2","n0","m1","male"
"TCGA.86.7711","1",1046,"70","stage iia","t2a","n1","m0","male"
"TCGA.86.7713","0",1157,"70","stage iia","t2b","n0","m0","male"
"TCGA.86.7714","1",625,"61","stage iiia","t1b","n2","m0","female"
"TCGA.86.7953","0",997,"69","stage ia","t1b","n0","m0","female"
"TCGA.86.7954","0",605,"68","stage ib","t2","n0","m0","female"
"TCGA.86.7955","0",1072,"62","stage ib","t2a","n0","m0","male"
"TCGA.86.8054","0",1148,"61","stage iib","t2b","n1","m0","male"
"TCGA.86.8055","1",124,"79","stage iia","t2a","n1","m0","male"
"TCGA.86.8056","0",139,"63","stage iiia","t4","n0","m0","female"
"TCGA.86.8073","0",740,"58","stage ib","t2a","n0","m0","male"
"TCGA.86.8074","0",24,"62","stage iia","t1b","n1","m0","female"
"TCGA.86.8075","1",694,"66","stage ib","t2","n0","m0","female"
"TCGA.86.8076","0",993,"42","stage ia","t1","n0","m0","male"
"TCGA.86.8278","0",944,"63","stage iib","t2","n1","m0","female"
"TCGA.86.8279","0",949,"46","stage iia","t2a","n1","m0","male"
"TCGA.86.8280","0",701,"54","stage iia","t2b","n0","m0","female"
"TCGA.86.8281","0",0,"75","stage ia","t1","nx","m0","male"
"TCGA.86.8358","0",653,"44","stage ib","t2a","n0","m0","male"
"TCGA.86.8359","1",444,"52","stage iiia","t3","n2","m0","male"
"TCGA.86.8585","0",353,"57","stage ib","t2a","n0","m0","male"
"TCGA.86.8668","0",423,"61","stage ia","t1b","n0","m0","female"
"TCGA.86.8669","0",938,"64","stage ia","t1b","n0","m0","male"
"TCGA.86.8671","0",839,"72","stage iib","t2b","n1","m0","female"
"TCGA.86.8672","1",19,"59","stage iib","t3","n0","m0","male"
"TCGA.86.8673","0",862,"61","stage ib","t2","n0","m0","male"
"TCGA.86.8674","0",806,"50","stage iia","t2a","n1","m0","male"
"TCGA.86.A456","0",896,"78","stage ia","t1a","n0","m0","female"
"TCGA.86.A4D0","1",116,"48","stage iia","t2b","n0","m0","male"
"TCGA.86.A4JF","1",737,"56","stage iib","t3","n0","m0","male"
"TCGA.86.A4P7","0",415,"63","stage ib","t2a","n0","m0","female"
"TCGA.86.A4P8","0",805,"59","stage iiia","t1b","n2","mx","female"
"TCGA.91.6828","0",323,"70","stage ia","t1a","n0","m0","male"
"TCGA.91.6829","1",1258,"78","stage ib","t2","n0","mx","male"
"TCGA.91.6830","0",60,"65","stage iia","t1","n1","mx","female"
"TCGA.91.6831","0",310,"66","stage ib","t2","n0","mx","male"
"TCGA.91.6835","0",79,"81","stage ia","t1","n0","m0","female"
"TCGA.91.6836","0",417,"52","stage ib","t2","n0","mx","female"
"TCGA.91.6840","0",372,"59","stage ia","t1b","n0","m0","female"
"TCGA.91.6847","0",842,"62","stage ib","t2","n0","mx","female"
"TCGA.91.6848","0",224,"59","stage iiia","t2","n2","mx","male"
"TCGA.91.6849","0",35,"75","stage iiia","t2","n2","mx","female"
"TCGA.91.7771","0",492,"62","stage iib","t3","n0","mx","male"
"TCGA.91.8496","0",505,"63","stage ib","t2a","nx","mx","female"
"TCGA.91.8497","1",434,"75","stage ia","t1a","n0","mx","female"
"TCGA.91.8499","0",36,"76","stage ia","t1b","n0","mx","female"
"TCGA.91.A4BC","0",44,"59","stage iia","t2b","n0","mx","male"
"TCGA.91.A4BD","0",603,"78","stage iia","t1b","n1","mx","male"
"TCGA.93.7347","0",683,"76","stage ia","t1a","n0","mx","female"
"TCGA.93.7348","0",531,"75","stage ia","t1a","n0","mx","female"
"TCGA.93.8067","0",186,"77","stage ib","t2a","n0","mx","male"
"TCGA.93.A4JN","0",718,"71","stage iv","t2a","n0","m1a","male"
"TCGA.93.A4JO","1",33,"70","stage ia","t1a","n0","mx","male"
"TCGA.93.A4JP","0",578,"64","stage iv","tx","nx","m1b","male"
"TCGA.93.A4JQ","0",526,"49","stage ia","t1b","n0","mx","male"
"TCGA.95.7039","0",1272,"54","stage iib","t3","n0","mx","female"
"TCGA.95.7043","1",503,"63","stage ia","t1a","n0","mx","female"
"TCGA.95.7562","1",87,"71","stage iia","t2a","n1","m0","male"
"TCGA.95.7567","0",568,"61","stage iib","t2b","n1","m0","male"
"TCGA.95.7944","0",377,"71","stage ia","t1a","n0","m0","male"
"TCGA.95.7947","0",477,"67","stage ia","t1a","n0","m0","male"
"TCGA.95.7948","0",476,"42","stage ib","t2a","n0","m0","female"
"TCGA.95.8039","0",830,"72","stage ia","t1","n0","mx","male"
"TCGA.95.8494","0",84,"67","stage iia","t2a","n1","m0","male"
"TCGA.95.A4VK","0",651,"74","stage iiia","t2b","n2","m0","female"
"TCGA.95.A4VN","0",553,"62","stage iia","t2a","n1","m0","female"
"TCGA.95.A4VP","0",605,"66","stage iiia","t2b","n2","m0","female"
"TCGA.97.7546","0",1285,"76","stage ia","t1","n0","mx","female"
"TCGA.97.7547","0",1965,"67","stage ib","t2","n0","mx","female"
"TCGA.97.7552","0",1932,"70","stage ib","t2","n0","mx","male"
"TCGA.97.7553","0",1870,"58","stage ia","t1","n0","mx","female"
"TCGA.97.7554","0",775,"83","stage iiia","t2a","n2","m0","female"
"TCGA.97.7937","0",564,"65","stage ib","t2a","n0","mx","male"
"TCGA.97.7938","1",18,"76","stage ia","t1a","n0","mx","female"
"TCGA.97.7941","0",484,"72","stage ia","t1b","n0","mx","female"
"TCGA.97.8171","0",568,"81","stage iv","t2a","n2","m1a","male"
"TCGA.97.8172","0",545,"75","stage ib","t2a","n0","m0","female"
"TCGA.97.8174","1",164,"67","stage iia","t2b","n0","m0","male"
"TCGA.97.8175","0",551,"55","stage ib","t2a","n0","m0","female"
"TCGA.97.8176","1",468,"63","stage iiia","t3","n1","m0","male"
"TCGA.97.8177","0",499,"59","stage ib","t2a","n0","m0","female"
"TCGA.97.8179","0",435,"72","stage ia","t1a","n0","m0","male"
"TCGA.97.8547","0",657,"78","stage iiia","t2a","n2","mx","female"
"TCGA.97.8552","0",626,"55","stage i","t1a","n0","mx","female"
"TCGA.97.A4LX","0",614,"81","stage ib","t2a","n0","m0","male"
"TCGA.97.A4M0","0",652,"60","stage ib","t2a","n0","m0","female"
"TCGA.97.A4M1","0",601,"52","stage ia","t1a","n0","m0","female"
"TCGA.97.A4M2","0",624,"66","stage ia","t1a","n0","m0","male"
"TCGA.97.A4M3","0",540,"69","stage ia","t1b","n0","m0","female"
"TCGA.97.A4M5","0",634,"83","stage ia","t1b","n0","m0","male"
"TCGA.97.A4M6","0",568,"45","stage ia","t1a","n0","m0","female"
"TCGA.97.A4M7","0",629,"74","stage ia","t1b","n0","m0","male"
"TCGA.99.7458","0",747,"74","stage iiia","t4","n0","m0","female"
"TCGA.99.8025","0",1060,"72","stage iiia","t3","n2","m0","female"
"TCGA.99.8028","0",1118,"50","stage ia","t1a","n0","m0","female"
"TCGA.99.8032","0",44,"61","stage ia","t1a","n0","m0","male"
"TCGA.99.8033","1",656,"74","stage iv","tx","nx","m1","female"
"TCGA.99.AA5R","0",658,"70","stage ia","t1a","n0","m0","female"
"TCGA.J2.8192","0",739,"65","stage iia","t2a","n1","mx","female"
"TCGA.J2.8194","0",724,"69","stage iib","t3","n0","mx","female"
"TCGA.J2.A4AD","1",550,"61","stage ia","t1a","n0","mx","female"
"TCGA.J2.A4AE","0",1079,"77","stage ia","t1a","n0","mx","female"
"TCGA.J2.A4AG","0",988,"66","stage ia","t1b","n0","mx","female"
"TCGA.L4.A4E5","0",578,"48","stage i","t1","n0","m0","female"
"TCGA.L4.A4E6","0",435,"67","stage ia","t1","n0","m0","male"
"TCGA.L9.A443","1",193,"63","stage ia","t1a","n0","mx","female"
"TCGA.L9.A444","0",307,"60","stage ia","t1a","n0","mx","female"
"TCGA.L9.A50W","1",442,"75","stage iia","t1b","n1","mx","male"
"TCGA.L9.A5IP","1",58,"40","stage iv","t3","n2","m1b","female"
"TCGA.L9.A743","0",664,"56","stage iia","t2a","n1","m0","male"
"TCGA.L9.A7SV","0",565,"69","stage iia","t2a","n1","m0","male"
"TCGA.L9.A8F4","0",476,"64","stage ib","t2a","n0","mx","female"
"TCGA.MN.A4N1","0",827,"60","stage iia","t2a","n1","m0","male"
"TCGA.MN.A4N4","0",1175,"57","stage ia","t1b","n0","m0","male"
"TCGA.MN.A4N5","0",84,"63","stage ia","t1a","n0","m0","male"
"TCGA.MP.A4SV","1",2620,"67","stage ib","t2","n0","m0","male"
"TCGA.MP.A4SW","1",1778,"53","stage iib","t2","n1","m0","male"
"TCGA.MP.A4SY","1",1501,"61","stage iib","t2","n1","m0","male"
"TCGA.MP.A4T4","1",2617,"68","stage iib","t2","n1","m0","female"
"TCGA.MP.A4T6","1",1790,"76","stage iiia","t1","n2","mx","female"
"TCGA.MP.A4T7","1",167,"75","stage iv","t2","n0","m1","female"
"TCGA.MP.A4T8","1",161,"68","stage iiia","t2","n2","m0","male"
"TCGA.MP.A4T9","1",1265,"54","stage iiia","t2","n2","mx","female"
"TCGA.MP.A4TA","1",950,"75","stage ia","t1","n0","m0","female"
"TCGA.MP.A4TC","1",74,"77","stage iiia","t1","n2","m0","male"
"TCGA.MP.A4TD","1",307,"71","stage iiia","t2","n2","m0","male"
"TCGA.MP.A4TE","1",896,"56","stage iia","t2b","n0","mx","male"
"TCGA.MP.A4TF","1",336,"58","stage iia","t2b","n0","m0","female"
"TCGA.MP.A4TH","0",741,"70","stage ia","t1a","n0","m0","female"
"TCGA.MP.A4TI","1",429,"72","stage iia","t2a","n1","m0","male"
"TCGA.MP.A4TJ","1",339,"62","stage ia","t1","n0","m0","female"
"TCGA.MP.A4TK","1",582,"56","stage iib","t2","n1","mx","female"
"TCGA.MP.A5C7","0",2248,"76","stage ib","t2","n0","m0","female"
"TCGA.NJ.A4YF","0",2161,"50","stage ia","t1","n0","m0","female"
"TCGA.NJ.A4YG","0",2261,"65","stage ib","t2","n0","m0","male"
"TCGA.NJ.A4YI","1",4,"87","stage iiia","t2","n2","m0","female"
"TCGA.NJ.A4YP","0",50,"52","stage ib","t2a","n0","m0","male"
"TCGA.NJ.A4YQ","0",1432,"69","stage ia","t1b","n0","m0","female"
"TCGA.NJ.A55A","0",15,"76","stage ib","t2","n0","m0","female"
"TCGA.NJ.A55O","0",13,"56","stage iia","t1b","n1","m0","female"
"TCGA.NJ.A55R","0",603,"67","stage ia","t1b","n0","mx","male"
"TCGA.NJ.A7XG","0",617,"49","stage iiia","t4","n1","m0","male"
"TCGA.O1.A52J","1",1798,"74","stage ia","t1","n0","mx","female"
"TCGA.S2.AA1A","0",513,"68","stage ia","t1b","n0","m0","female"
