"","Death","Time","age","pathologic_stage","pathologic_T","pathologic_N","pathologic_M","gender"
"TCGA.2K.A9WE","0",214,"53","stage ii","t2b","nx","m0","male"
"TCGA.2Z.A9J1","0",2298,"71","stage i","t1a","n0","mx","male"
"TCGA.2Z.A9J2","0",1795,"71","stage i","t1a","nx","mx","female"
"TCGA.2Z.A9J3","1",1771,"67","stage ii","t2","nx","mx","male"
"TCGA.2Z.A9J5","0",3050,"80","stage ii","t2","nx","mx","male"
"TCGA.2Z.A9J6","0",1731,"60","stage i","t1a","nx","mx","male"
"TCGA.2Z.A9J7","1",139,"63","stage iv","t2","nx","m1","male"
"TCGA.2Z.A9J8","0",2790,"50","stage i","t1b","nx","mx","male"
"TCGA.2Z.A9J9","0",2294,"77","stage i","t1a","nx","mx","male"
"TCGA.2Z.A9JD","0",1060,"66","stage i","t1a","nx","mx","male"
"TCGA.2Z.A9JE","0",1728,"59","stage i","t1a","nx","mx","male"
"TCGA.2Z.A9JG","0",1662,"64","stage i","t1a","nx","mx","male"
"TCGA.2Z.A9JI","0",1567,"38","stage iii","t3a","nx","mx","male"
"TCGA.2Z.A9JJ","0",1213,"69","stage i","t1a","nx","m0","female"
"TCGA.2Z.A9JK","0",1186,"50","stage iii","t3a","nx","mx","male"
"TCGA.2Z.A9JL","0",1006,"47","stage i","t1a","nx","mx","male"
"TCGA.2Z.A9JM","0",934,"28","stage i","t1a","nx","mx","male"
"TCGA.2Z.A9JN","0",740,"50","stage i","t1a","nx","mx","female"
"TCGA.2Z.A9JO","0",949,"56","stage i","t1b","n0","mx","female"
"TCGA.2Z.A9JP","0",893,"63","stage i","t1a","nx","mx","male"
"TCGA.2Z.A9JQ","0",778,"66","stage i","t1a","nx","mx","male"
"TCGA.2Z.A9JR","0",161,"57","stage i","t1a","nx","mx","male"
"TCGA.2Z.A9JS","1",492,"74","stage i","t1a","nx","mx","male"
"TCGA.2Z.A9JT","0",684,"71","stage i","t1a","nx","mx","male"
"TCGA.4A.A93W","0",4,"66","stage i","t1a","n0","m0","female"
"TCGA.4A.A93X","0",390,"58","stage iv","t3a","n1","mx","male"
"TCGA.4A.A93Y","0",352,"63","stage ii","t2b","n0","m0","female"
"TCGA.5P.A9JU","0",373,"81","stage iii","t3a","n0","m0","male"
"TCGA.5P.A9JV","0",2043,"49",NA,"t1a","nx",NA,"male"
"TCGA.5P.A9JW","0",3241,"64",NA,"t1a","nx","mx","male"
"TCGA.5P.A9JY","1",1508,"79",NA,"t2","nx","mx","male"
"TCGA.5P.A9JZ","0",2744,"51",NA,"t1b","nx",NA,"female"
"TCGA.5P.A9K0","0",677,"75",NA,"t1a","nx","mx","male"
"TCGA.5P.A9K2","0",2392,"62",NA,"t1b","nx","mx","male"
"TCGA.5P.A9K3","1",471,"59",NA,"t2","nx","mx","male"
"TCGA.5P.A9K4","0",2184,"54",NA,"t1b","nx","mx","male"
"TCGA.5P.A9K6","0",1914,"64",NA,"t1a","nx","mx","male"
"TCGA.5P.A9K8","0",1309,"51",NA,"t3a","nx","mx","female"
"TCGA.5P.A9K9","1",589,"59",NA,"t3a","n2","mx","female"
"TCGA.5P.A9KA","0",395,"61",NA,"t1a","nx","mx","male"
"TCGA.5P.A9KC","0",377,"51",NA,"t1b","nx","mx","female"
"TCGA.5P.A9KE","0",824,"70",NA,"t1b","nx","m0","male"
"TCGA.5P.A9KF","0",845,"53",NA,"t1a","n0","mx","male"
"TCGA.5P.A9KH","0",2051,"77",NA,"t1a","nx","mx","male"
"TCGA.A4.7286","0",554,"42",NA,"t3a","nx",NA,"male"
"TCGA.A4.7287","1",597,"75","stage i","t1","nx","mx","female"
"TCGA.A4.7288","0",1857,"71",NA,"t1a","nx","mx","female"
"TCGA.A4.7583","0",3,"60","stage i","t1","n0","m0","male"
"TCGA.A4.7584","0",650,"59","stage i","t1a","nx","mx","male"
"TCGA.A4.7585","1",1070,"67","stage iii","t3a","n0","m0","male"
"TCGA.A4.7732","0",582,"55",NA,"t2a","nx","mx","male"
"TCGA.A4.7734","0",27,"53","stage i","t1a","nx","mx","female"
"TCGA.A4.7828","0",238,"74","stage i","t1a","nx","m0","female"
"TCGA.A4.7915","0",7,"35","stage ii","t2b","n0","mx","female"
"TCGA.A4.7996","0",506,"61","stage i","t1a","nx","mx","female"
"TCGA.A4.7997","0",927,"67","stage i","t1b","nx","m0","male"
"TCGA.A4.8098","0",896,"73","stage i","t1a","nx","mx","male"
"TCGA.A4.8310","0",780,"58","stage iii","t3a","nx","mx","male"
"TCGA.A4.8311","0",729,"60","stage i","t1a","nx","mx","male"
"TCGA.A4.8312","0",708,"60","stage i","t1","nx","mx","male"
"TCGA.A4.8515","0",709,"47","stage i","t1a","nx","mx","male"
"TCGA.A4.8516","0",23,"62","stage iii","t3a","nx","mx","male"
"TCGA.A4.8517","0",597,"71","stage i","t1a","nx","mx","male"
"TCGA.A4.8518","0",600,"48","stage i","t1a","nx","mx","male"
"TCGA.A4.8630","0",436,"59","stage i","t1b","nx","mx","female"
"TCGA.A4.A48D","0",379,"84","stage i","t1b","nx","mx","male"
"TCGA.A4.A4ZT","0",516,"71","stage i","t1b","nx","mx","female"
"TCGA.A4.A57E","1",258,"59","stage iv","t2a","n0","m1","male"
"TCGA.A4.A5DU","0",496,"45","stage i","t1a","nx","mx","female"
"TCGA.A4.A5XZ","0",479,"65","stage ii","t2a","nx","mx","female"
"TCGA.A4.A5Y0","0",252,"61","stage i","t1b","nx","mx","female"
"TCGA.A4.A5Y1","1",395,"75","stage iii","t1b","n1","mx","male"
"TCGA.A4.A6HP","0",379,"66","stage i","t1a","nx","mx","male"
"TCGA.A4.A772","0",0,"39","stage i","t1b","nx","mx","male"
"TCGA.A4.A7UZ","0",0,"71","stage iii","t3a","n1","mx","male"
"TCGA.AL.3466","1",293,"41","stage iv","t3b","n1","m1","male"
"TCGA.AL.3467","0",2135,"54",NA,"t1b","nx","m0","female"
"TCGA.AL.3468","1",2331,"74","stage ii","t2","nx","m0","male"
"TCGA.AL.3471","1",1500,"74","stage i","t1b","nx","m0","male"
"TCGA.AL.3472","0",2029,"57",NA,"t2","n0","m0","male"
"TCGA.AL.3473","0",1906,"55","stage ii","t2","n0","m0","male"
"TCGA.AL.7173","0",2060,"72","stage iv","t3","n2","m0","female"
"TCGA.AL.A5DJ","1",1498,"54","stage iii","t3a","nx","mx","female"
"TCGA.AT.A5NU","0",67,"77","stage i","t1a","nx","mx","male"
"TCGA.B1.5398","0",1251,"73","stage iii","t3b","n0","m0","male"
"TCGA.B1.7332","0",1141,"60","stage ii","t2a","nx","mx","female"
"TCGA.B1.A47M","0",659,"79","stage iii","t3a","nx","mx","male"
"TCGA.B1.A47N","0",1110,"62","stage i","t1a","nx","mx","male"
"TCGA.B1.A47O","0",842,"54","stage i","t1b","n0","mx","female"
"TCGA.B1.A654","0",616,"43","stage i","t1a","nx","m0","female"
"TCGA.B1.A655","0",510,"77","stage i","t1a","n0","m0","female"
"TCGA.B1.A656","0",618,"64","stage i","t1a","n0","m0","male"
"TCGA.B1.A657","0",641,"54","stage i","t1b","n0","m0","male"
"TCGA.B3.3925","0",1029,"52","stage iii","t3a","nx","m0","male"
"TCGA.B3.3926","0",883,"59","stage i","t1","nx","m0","female"
"TCGA.B3.4103","0",930,"56","stage i","t1a","nx","m0","male"
"TCGA.B3.4104","0",1049,"75","stage ii","t2","nx","m0","male"
"TCGA.B3.8121","0",379,"48","stage i","t1","nx","mx","female"
"TCGA.B3.A6W5","0",309,"43","stage i","t1","nx","mx","male"
"TCGA.B9.4113","1",1536,"64","stage i","t1","nx",NA,"male"
"TCGA.B9.4114","0",857,"49",NA,"t2","nx",NA,"male"
"TCGA.B9.4115","0",803,"53","stage i","t1a","nx",NA,"male"
"TCGA.B9.4116","0",627,"75",NA,"t2a","nx",NA,"female"
"TCGA.B9.4117","0",14,"48",NA,"t2","nx",NA,"female"
"TCGA.B9.4617","0",35,"41",NA,"t1a","nx","m0","male"
"TCGA.B9.5155","0",665,"71","stage iii","t3a","nx",NA,"male"
"TCGA.B9.5156","0",1338,"51",NA,"t1a","nx",NA,"male"
"TCGA.B9.7268","0",671,"59","stage ii","t2","n0","m0","male"
"TCGA.B9.A44B","0",361,"70","stage iii","t3b","nx",NA,"male"
"TCGA.B9.A5W7","0",585,"47","stage i","t1a","nx",NA,"male"
"TCGA.B9.A5W8","0",524,"50","stage ii","t2b","nx","m0","male"
"TCGA.B9.A5W9","0",5,"40","stage i","t1b","nx","mx","male"
"TCGA.B9.A69E","0",452,"71","stage iii","t3a","nx",NA,"male"
"TCGA.B9.A8YH","0",532,"52","stage i","t1a","nx","mx","male"
"TCGA.B9.A8YI","0",374,"79","stage i","t1b","nx","mx","male"
"TCGA.BQ.5875","0",2639,"66","stage iii","t3a","nx","m0","female"
"TCGA.BQ.5876","0",586,"75","stage i","t1a","nx","m0","male"
"TCGA.BQ.5877","1",270,"60","stage iv","t3a","n1","m1","male"
"TCGA.BQ.5878","0",1938,"79","stage iii","t3a","n1","m0","female"
"TCGA.BQ.5879","1",697,"32","stage iii","t3b","n1","m0","female"
"TCGA.BQ.5880","1",1314,"79","stage iii","t3a","n1","m0","male"
"TCGA.BQ.5881","0",1454,"69","stage i","t1a","nx","m0","male"
"TCGA.BQ.5882","1",658,"54","stage iii","t3b","n0","m0","male"
"TCGA.BQ.5883","0",1242,"79","stage i","t1a","nx","m0","female"
"TCGA.BQ.5884","0",792,"59","stage i","t1a","nx","m0","female"
"TCGA.BQ.5885","0",921,"63","stage iii","t3","n0","m0","male"
"TCGA.BQ.5886","0",792,"75","stage iii","t3a","nx","m0","male"
"TCGA.BQ.5887","0",771,"54","stage iii","t3a","n0","m0","male"
"TCGA.BQ.5888","0",403,"74","stage i","t1a","n0","m0","female"
"TCGA.BQ.5889","1",329,"63","stage iv","t3b","n1","m1","male"
"TCGA.BQ.5890","0",233,"69","stage iii","t3a","n0","m0","male"
"TCGA.BQ.5891","0",29,"57","stage iii","t3b","n0","m0","female"
"TCGA.BQ.5892","0",364,"51","stage i","t1b","n0","m0","male"
"TCGA.BQ.5893","1",241,"61","stage iv","t3a","n1","m1","male"
"TCGA.BQ.5894","0",84,"42","stage iv","t3b","n1","m1","male"
"TCGA.BQ.7044","0",3760,"73","stage iii","t3a","nx","m0","male"
"TCGA.BQ.7045","1",1468,"78","stage i","t1b","n0","m0","male"
"TCGA.BQ.7046","0",2948,"61","stage i","t1a","nx","m0","male"
"TCGA.BQ.7048","0",2839,"64","stage iii","t3a","n0","m0","male"
"TCGA.BQ.7049","1",1364,"45","stage i","t1a","nx","m0","female"
"TCGA.BQ.7050","0",1864,"53","stage i","t1a","n0","m0","female"
"TCGA.BQ.7051","0",1533,"74","stage ii","t2","n0","m0","male"
"TCGA.BQ.7053","0",1516,"57","stage iii","t3","nx","m0","female"
"TCGA.BQ.7055","0",799,"73","stage i","t1a","nx","m0","male"
"TCGA.BQ.7056","0",612,"75","stage iii","t3b","n0","m0","female"
"TCGA.BQ.7058","1",343,"81","stage iii","t3",NA,"m0","male"
"TCGA.BQ.7059","0",232,"71","stage i","t1b","nx","m0","male"
"TCGA.BQ.7060","0",214,"53","stage i","t1a","nx","m0","male"
"TCGA.BQ.7061","0",218,"83","stage i","t1b","nx","m0","female"
"TCGA.BQ.7062","0",116,"64","stage i","t1a","nx","m0","male"
"TCGA.DW.5560","0",1486,"38","stage i","t1b","nx","m0","female"
"TCGA.DW.5561","0",414,"51","stage i","t1a","nx","m0","male"
"TCGA.DW.7834","0",3950,"53","stage i","t1","nx","mx","male"
"TCGA.DW.7836","0",1093,"55","stage i","t1a","nx","mx","male"
"TCGA.DW.7837","0",1142,"43","stage i","t1b","nx","mx","male"
"TCGA.DW.7838","0",744,"66","stage i","t1b","nx","mx","male"
"TCGA.DW.7839","0",419,"58","stage i","t1b","nx","mx","female"
"TCGA.DW.7840","0",114,"60","stage i","t1b","nx","mx","male"
"TCGA.DW.7841","0",445,"61","stage i","t1b","nx","mx","male"
"TCGA.DW.7842","0",92,"52","stage i","t1a","nx","mx","male"
"TCGA.DW.7963","0",1240,"43","stage i","t1b","n0","mx","male"
"TCGA.DZ.6131","0",2429,"31","stage iii","t3a","n0","mx","male"
"TCGA.DZ.6132","0",2460,"69","stage i","t1a","nx","mx","male"
"TCGA.DZ.6133","1",1557,"66","stage i","t1a","nx","mx","female"
"TCGA.DZ.6134","0",1856,"69","stage i","t1a","nx","mx","male"
"TCGA.DZ.6135","0",2269,"45","stage i","t1a","nx","mx","male"
"TCGA.EV.5901","0",1040,"47","stage i","t1","nx","m0","female"
"TCGA.EV.5902","0",578,"58","stage i","t1","nx","m0","male"
"TCGA.EV.5903","0",757,"57","stage i","t1a","nx","m0","male"
"TCGA.F9.A4JJ","1",325,"35","stage iii","t3a","nx","mx","female"
"TCGA.F9.A7Q0","0",398,"37","stage i","t1b","nx","m0","female"
"TCGA.F9.A7VF","0",73,"75","stage i","t1a","nx","m0","female"
"TCGA.F9.A8NY","0",36,"38","stage iv","t4","n1","m1","female"
"TCGA.F9.A97G","0",13,"79","stage iii","t3","n0","m0","male"
"TCGA.G7.6789","1",122,"53","stage iv","t3a","n2","mx","female"
"TCGA.G7.6790","0",1575,"57","stage i","t1a","nx","mx","male"
"TCGA.G7.6792","0",2765,"40","stage i","t1b","nx","mx","male"
"TCGA.G7.6793","1",336,"60","stage iv","t3a","n2","mx","female"
"TCGA.G7.6795","0",1194,"56","stage i","t1a","n0","mx","male"
"TCGA.G7.6796","0",2173,"58","stage i","t1a","nx","mx","male"
"TCGA.G7.6797","0",765,"46","stage iii","t1a","nx","mx","male"
"TCGA.G7.7501","1",624,"55","stage iii","t3a","n1","mx","female"
"TCGA.G7.7502","0",786,"83","stage i","t1b","nx","mx","male"
"TCGA.G7.A4TM","0",768,"40","stage i","t1a","nx","mx","male"
"TCGA.G7.A8LB","0",547,"70","stage iv","t2a","nx","mx","male"
"TCGA.G7.A8LC","0",702,"61","stage i","t1a","nx","mx","male"
"TCGA.G7.A8LD","1",514,"71","stage iii","t3a","n1","mx","male"
"TCGA.G7.A8LE","0",2453,"62","stage i","t1a","nx","mx","male"
"TCGA.GL.6846","0",5925,"52","stage iv","t4","n1","mx","male"
"TCGA.GL.7773","0",393,"63","stage i","t1a","nx","mx","male"
"TCGA.GL.7966","0",112,"28","stage iii","t3","n1","mx","female"
"TCGA.GL.8500","0",841,"63","stage i","t1b","nx","mx","male"
"TCGA.GL.A4EM","0",32,"61","stage i","t1b","nx","mx","male"
"TCGA.GL.A59R","0",378,"79","stage iii","t3c","n0","mx","male"
"TCGA.GL.A59T","0",546,"46","stage i","t1b","nx","mx","male"
"TCGA.GL.A9DC","0",392,"66","stage i","t1b","n0","mx","female"
"TCGA.GL.A9DD","0",341,"69","stage i","t1a","nx","mx","male"
"TCGA.GL.A9DE","0",496,"74","stage i","t1b","nx","mx","male"
"TCGA.HE.7128","0",NA,NA,"stage i","t1","nx","mx","male"
"TCGA.HE.7129","0",2492,NA,"stage ii","t2","nx","m0","male"
"TCGA.HE.7130","0",1770,NA,"stage iii","t3","nx","m0","female"
"TCGA.HE.A5NF","0",2582,"58","stage i","t1a","nx",NA,"male"
"TCGA.HE.A5NH","0",791,"62","stage i","t1a","nx",NA,"male"
"TCGA.HE.A5NI","0",360,"73","stage i","t1a","nx","m0","male"
"TCGA.HE.A5NJ","0",1726,"58",NA,"t1b","nx","m0","male"
"TCGA.HE.A5NK","0",2228,"82",NA,"t1b","nx","m0","male"
"TCGA.HE.A5NL","0",767,"51","stage i","t1a","nx","mx","male"
"TCGA.IA.A40U","0",511,"56","stage iii","t3b","n0","mx","male"
"TCGA.IA.A40X","0",608,"49","stage i","t1a","nx","mx","female"
"TCGA.IA.A40Y","0",62,"60","stage iii","t3a","n1","mx","female"
"TCGA.IA.A83S","1",2609,"81",NA,"tx","nx","mx","male"
"TCGA.IA.A83T","1",2684,"80",NA,"tx","nx","mx","male"
"TCGA.IA.A83V","1",2941,"63","stage i","t1b","nx","mx","male"
"TCGA.IA.A83W","1",2043,"70","stage i","t1","n0","m0","male"
"TCGA.IZ.8195","0",677,"82","stage ii","t2a","nx","mx","male"
"TCGA.IZ.8196","0",649,"50","stage i","t1a","nx","mx","male"
"TCGA.IZ.A6M8","0",497,"69","stage i","t1a","nx","mx","male"
"TCGA.IZ.A6M9","0",376,"63","stage i","t1a","nx","mx","male"
"TCGA.J7.6720","0",388,"42","stage i","t1","n0","m0","male"
"TCGA.J7.8537","1",321,"37","stage iii","t3","n1","m0","female"
"TCGA.J7.A8I2","0",307,"75","stage i","t1b","n0","m0","male"
"TCGA.KV.A6GD","0",560,"85","stage i","t1b","nx","m0","male"
"TCGA.KV.A6GE","0",885,"65","stage i","t1a","nx","mx","male"
"TCGA.KV.A74V","0",347,"40","stage i","t1a","n0","m0","male"
"TCGA.MH.A55W","0",1043,"50","stage i","t1b","nx","mx","male"
"TCGA.MH.A55Z","0",845,"65","stage i","t1b","nx","mx","male"
"TCGA.MH.A560","0",924,"62","stage i","t1a","nx","mx","male"
"TCGA.MH.A561","0",841,"66","stage i","t1a","nx","mx","male"
"TCGA.MH.A562","0",616,"57","stage i","t1a","nx","mx","male"
"TCGA.MH.A854","0",536,"62","stage i","t1b","nx","mx","female"
"TCGA.MH.A855","0",369,"52","stage ii","t2b","nx","mx","female"
"TCGA.MH.A856","0",947,"54","stage i","t1a","nx","m0","male"
"TCGA.MH.A857","0",890,"63","stage i","t1a","nx","m0","male"
"TCGA.O9.A75Z","0",471,"44","stage i","t1a","nx","mx","male"
"TCGA.P4.A5E6","0",3035,"67","stage iii","t1b","n1","mx","male"
"TCGA.P4.A5E7","0",2649,"74","stage i","t1b","nx","mx","female"
"TCGA.P4.A5E8","1",1306,"57","stage iii","t2a","n1","m0","male"
"TCGA.P4.A5EA","1",201,"54","stage iii","t3a","n1","mx","female"
"TCGA.P4.A5EB","0",3015,"83","stage i","t1b","nx","mx","male"
"TCGA.P4.A5ED","0",2816,"51","stage i","t1a","nx","mx","male"
"TCGA.P4.AAVK","0",1590,"74","stage iii","t3a","n1","mx","male"
"TCGA.P4.AAVL","1",487,"85","stage iii","t3b","n0","mx","male"
"TCGA.P4.AAVM","0",1539,"69","stage i","t1a","nx","mx","male"
"TCGA.P4.AAVO","0",2400,"69","stage i","t1b","nx","mx","male"
"TCGA.PJ.A5Z8","0",600,"60","stage i","t1a","nx","m0","female"
"TCGA.PJ.A5Z9","0",540,"80","stage i","t1b","nx","mx","female"
"TCGA.Q2.A5QZ","0",428,"61","stage iii","t3a","nx","mx","female"
"TCGA.SX.A71R","0",1457,"51","stage i","t1a","n0","m0","male"
"TCGA.SX.A71S","0",1504,"66","stage i","t1","nx","m0","female"
"TCGA.SX.A71U","0",1357,"57","stage i","t1a","nx","m0","male"
"TCGA.SX.A71V","0",876,"80","stage i","t1","nx","m0","male"
"TCGA.SX.A71W","0",1076,"66","stage i","t1b","nx","m0","male"
"TCGA.SX.A7SL","0",823,"74","stage i","t1a","nx","m0","male"
"TCGA.SX.A7SM","1",363,"60","stage iv","t3a","n1","m1","male"
"TCGA.SX.A7SN","0",578,"52","stage i","t1b","nx","m0","male"
"TCGA.SX.A7SO","0",1257,"64","stage i","t1b","nx","m0","male"
"TCGA.SX.A7SP","1",496,"66","stage i","t1b","n0","m0","female"
"TCGA.SX.A7SQ","0",1266,"48","stage i","t1","nx","m0","male"
"TCGA.SX.A7SR","0",805,"66","stage ii","t2a","nx","m0","male"
"TCGA.SX.A7SS","0",1615,"67","stage i","t1","n0","m0","male"
"TCGA.SX.A7SU","0",1331,"47","stage i","t1","nx","m0","male"
"TCGA.UN.AAZ9","0",548,"76","stage i","t1b","n0","mx","female"
"TCGA.UZ.A9PJ","1",797,"78","stage i","t1a","nx","mx","male"
"TCGA.UZ.A9PK","0",3571,"71","stage i","t1","nx","mx","male"
"TCGA.UZ.A9PL","0",3152,"59","stage ii","t2","nx","mx","male"
"TCGA.UZ.A9PM","0",3811,"62","stage ii","t2","n0","mx","male"
"TCGA.UZ.A9PN","1",1136,"54","stage iii","t3","nx","mx","male"
"TCGA.UZ.A9PO","0",1911,"80","stage i","t1a","nx","mx","male"
"TCGA.UZ.A9PP","0",3010,"60","stage i","t1a","nx","mx","male"
"TCGA.UZ.A9PQ","1",2624,"59","stage iii","t2","n1","mx","male"
"TCGA.UZ.A9PR","0",2627,"84","stage i","t1b","nx","mx","male"
"TCGA.UZ.A9PS","0",2167,"62","stage ii","t2","nx","mx","female"
"TCGA.UZ.A9PU","1",933,"77","stage i","t1b","nx","mx","male"
"TCGA.UZ.A9PV","0",1444,"65","stage i","t1","nx","mx","male"
"TCGA.UZ.A9PX","0",1981,"73","stage i","t1","n0","mx","male"
"TCGA.UZ.A9PZ","0",657,"65","stage iii","t3a","nx","mx","male"
"TCGA.UZ.A9Q0","0",3368,"60","stage i","t1","nx","mx","male"
"TCGA.UZ.A9Q1","0",1562,"88","stage i","t1b","nx","mx","female"
"TCGA.V9.A7HT","0",965,"67","stage ii","t2","nx","mx","male"
"TCGA.WN.A9G9","0",791,NA,"stage i","t1b","nx","mx","male"
"TCGA.WN.AB4C","0",1188,NA,"stage i","t1a","nx","mx","female"
"TCGA.Y8.A894","0",567,"57","stage i","t1a","nx","mx","female"
"TCGA.Y8.A895","0",484,"74","stage i","t1b","nx","mx","male"
"TCGA.Y8.A896","0",567,"62","stage iii","t3a","nx","mx","male"
"TCGA.Y8.A897","0",549,"68","stage i","t1a","n0","mx","female"
"TCGA.Y8.A898","0",475,"69","stage i","t1a","nx","mx","male"
"TCGA.Y8.A8RY","0",769,"63","stage i","t1b","nx","mx","male"
"TCGA.Y8.A8RZ","0",205,"55","stage i","t1","n0","mx","male"
"TCGA.Y8.A8S0","0",183,"58","stage i","t1a","nx","mx","male"
"TCGA.Y8.A8S1","0",404,"61","stage i","t1a","nx","mx","male"
