"Barcode","trueType"
"AAACCTGAGACCACGA-1","CD8+ T cells"
"AAACCTGAGTCGAGTG-1","B cells"
"AAACCTGCAGTCGTGC-1","CD4+ T cells"
"AAACCTGGTGTTTGTG-1","CD8+ T cells"
"AAACCTGTCACCAGGC-1","CD4+ T cells"
"AAACCTGTCGTATCAG-1","unknown"
"AAACGGGAGTTATCGC-1","unknown"
"AAACGGGCAGGCTCAC-1","CD8+ T cells"
"AAACGGGGTCTAGTCA-1","CD4+ T cells"
"AAAGATGAGCGTTGCC-1","CD4+ T cells"
"AAAGATGAGTGTTGAA-1","unknown"
"AAAGATGCAGTGACAG-1","CD14+ monocytes"
"AAAGCAACACAAGCCC-1","CD4+ T cells"
"AAAGCAACACCTTGTC-1","CD14+ monocytes"
"AAAGCAATCGGTGTCG-1","CD8+ T cells"
"AAAGTAGAGCTTTGGT-1","CD4+ T cells"
"AAAGTAGAGTTTAGGA-1","CD8+ T cells"
"AAAGTAGCATCCGGGT-1","CD4+ T cells"
"AAAGTAGCATGCAATC-1","CD4+ T cells"
"AAAGTAGGTATATCCG-1","CD4+ T cells"
"AAAGTAGGTCGACTGC-1","unknown"
"AAATGCCGTCCTCTTG-1","CD14+ monocytes"
"AACACGTAGACGCACA-1","NK cells"
"AACACGTGTCGCCATG-1","CD4+ T cells"
"AACACGTTCCTCATTA-1","NK cells"
"AACCATGGTACTCTCC-1","CD14+ monocytes"
"AACCATGGTCGGCATC-1","CD4+ T cells"
"AACCATGGTGCGGTAA-1","CD4+ T cells"
"AACCGCGTCAACACAC-1","CD4+ T cells"
"AACCGCGTCTACCTGC-1","NK cells"
"AACCGCGTCTCACATT-1","B cells"
"AACGTTGTCCAATGGT-1","CD4+ T cells"
"AACTCAGCAGTCTTCC-1","CD4+ T cells"
"AACTCAGCATTAGCCA-1","CD4+ T cells"
"AACTCAGGTGGTGTAG-1","unknown"
"AACTCAGGTTAGATGA-1","CD8+ T cells"
"AACTCAGTCAGCACAT-1","unknown"
"AACTCTTCACCAGCAC-1","CD4+ T cells"
"AACTCTTCACCAGGTC-1","CD14+ monocytes"
"AACTCTTCAGATGGCA-1","CD8+ T cells"
"AACTCTTTCAGTGCAT-1","CD4+ T cells"
"AACTCTTTCTGATTCT-1","CD4+ T cells"
"AACTGGTAGAGAGCTC-1","B cells"
"AACTGGTAGGCTCATT-1","CD4+ T cells"
"AACTGGTGTGGCTCCA-1","unknown"
"AACTTTCAGGTAGCCA-1","B cells"
"AACTTTCAGGTGCTAG-1","CD4+ T cells"
"AACTTTCCACCAGATT-1","CD4+ T cells"
"AACTTTCCACCTCGGA-1","CD14+ monocytes"
"AAGACCTCACGGCCAT-1","CD4+ T cells"
"AAGACCTCAGCTCGAC-1","NK cells"
"AAGACCTGTTAGAACA-1","NK cells"
"AAGCCGCAGGATGTAT-1","CD14+ monocytes"
"AAGCCGCAGGTCATCT-1","CD14+ monocytes"
"AAGCCGCAGTACTTGC-1","CD8+ T cells"
"AAGCCGCCAATGAATG-1","CD4+ T cells"
"AAGCCGCTCACTGGGC-1","CD4+ T cells"
"AAGGAGCAGGCTCATT-1","CD4+ T cells"
"AAGGAGCCATGGTTGT-1","CD4+ T cells"
"AAGGAGCGTTTGTTTC-1","CD8+ T cells"
"AAGGCAGAGCGATCCC-1","CD4+ T cells"
"AAGGCAGGTTCAACCA-1","CD8+ T cells"
"AAGGCAGTCACGCGGT-1","CD4+ T cells"
"AAGGCAGTCAGAGCTT-1","CD4+ T cells"
"AAGGCAGTCGCGGATC-1","CD4+ T cells"
"AAGGTTCAGAAGATTC-1","NK cells"
"AAGGTTCTCCGCATAA-1","CD8+ T cells"
"AAGTCTGAGGATGGAA-1","CD4+ T cells"
"AAGTCTGCACGGCGTT-1","NK cells"
"AAGTCTGTCAAGAAGT-1","CD4+ T cells"
"AAGTCTGTCAGTACGT-1","CD4+ T cells"
"AAGTCTGTCTACTATC-1","unknown"
"AAGTCTGTCTCGCATC-1","CD4+ T cells"
"AATCCAGGTGCCTTGG-1","unknown"
"AATCCAGGTTGGAGGT-1","NK cells"
"AATCGGTGTCTGGTCG-1","NK cells"
"AATCGGTGTTCCGTCT-1","CD4+ T cells"
"AATCGGTTCCTGTACC-1","NK cells"
"ACACCAAAGCTGCGAA-1","CD4+ T cells"
"ACACCGGCATGTCCTC-1","CD4+ T cells"
"ACACCGGGTCGCGTGT-1","CD14+ monocytes"
"ACAGCCGCAACTGCTA-1","CD4+ T cells"
"ACATACGCACAACGCC-1","unknown"
"ACATACGCACACCGAC-1","unknown"
"ACATACGTCTTGCCGT-1","CD4+ T cells"
"ACATACGTCTTGTTTG-1","CD8+ T cells"
"ACATCAGAGACAATAC-1","CD4+ T cells"
"ACATGGTTCGTCCAGG-1","CD8+ T cells"
"ACCAGTAAGGCGCTCT-1","CD14+ monocytes"
"ACCCACTAGTCGTTTG-1","NK cells"
"ACCCACTGTTAAGAAC-1","CD4+ T cells"
"ACCCACTTCAACACTG-1","NK cells"
"ACCCACTTCCCAAGAT-1","unknown"
"ACCCACTTCCTACAGA-1","B cells"
"ACCCACTTCTGATTCT-1","CD8+ T cells"
"ACCGTAACAAGTCATC-1","CD4+ T cells"
"ACCGTAACATCAGTAC-1","B cells"
"ACCGTAATCCAAACAC-1","NK cells"
"ACCTTTAAGCTTATCG-1","NK cells"
"ACCTTTAAGTGCGATG-1","unknown"
"ACCTTTAGTAACGACG-1","CD14+ monocytes"
"ACCTTTAGTAGCAAAT-1","CD4+ T cells"
"ACCTTTAGTTGTTTGG-1","CD8+ T cells"
"ACGAGCCAGTTCGCGC-1","unknown"
"ACGAGCCGTGCCTTGG-1","CD4+ T cells"
"ACGAGGACAGGGATTG-1","CD14+ monocytes"
"ACGAGGAGTCCCGACA-1","CD8+ T cells"
"ACGAGGAGTGTCCTCT-1","CD4+ T cells"
"ACGAGGATCGGAAACG-1","CD8+ T cells"
"ACGATACTCCGTCATC-1","CD4+ T cells"
"ACGATGTAGTTAGGTA-1","unknown"
"ACGATGTCAGGAATGC-1","unknown"
"ACGATGTTCTGCGACG-1","CD4+ T cells"
"ACGCAGCAGCACACAG-1","NK cells"
"ACGCAGCCACGAAGCA-1","CD4+ T cells"
"ACGCAGCGTTGCGCAC-1","CD4+ T cells"
"ACGCAGCTCCGAATGT-1","CD8+ T cells"
"ACGCAGCTCGAATCCA-1","NK cells"
"ACGCAGCTCTCTGAGA-1","CD4+ T cells"
"ACGCCAGTCAAAGTAG-1","unknown"
"ACGCCAGTCAAGCCTA-1","CD4+ T cells"
"ACGCCGAAGGAGCGAG-1","CD8+ T cells"
"ACGCCGACACGTCAGC-1","CD8+ T cells"
"ACGGAGACACGCCAGT-1","NK cells"
"ACGGAGACATCATCCC-1","NK cells"
"ACGGAGAGTATCACCA-1","CD8+ T cells"
"ACGGCCACAGGGAGAG-1","CD4+ T cells"
"ACGGCCACATCCTAGA-1","CD4+ T cells"
"ACGGCCATCTCGCTTG-1","CD4+ T cells"
"ACGGGCTAGGAGTACC-1","CD14+ monocytes"
"ACGGGCTCAGCTGGCT-1","CD4+ T cells"
"ACGGGCTGTACCGAGA-1","B cells"
"ACGGGCTTCGAATGGG-1","unknown"
"ACGGGTCCAAACCTAC-1","CD14+ monocytes"
"ACGGGTCCAAGAAGAG-1","NK cells"
"ACGTCAAAGTAGGCCA-1","NK cells"
"ACGTCAAGTGACTACT-1","CD8+ T cells"
"ACGTCAATCAACGGCC-1","NK cells"
"ACGTCAATCCTAAGTG-1","CD4+ T cells"
"ACTATCTAGGTAGCCA-1","unknown"
"ACTATCTAGTGAATTG-1","CD4+ T cells"
"ACTATCTCAAGGTTTC-1","CD4+ T cells"
"ACTATCTGTCTAGAGG-1","CD4+ T cells"
"ACTATCTTCCAAGTAC-1","CD8+ T cells"
"ACTATCTTCTTGTACT-1","CD4+ T cells"
"ACTGAACAGGTGCTTT-1","NK cells"
"ACTGAACCAAGCCGCT-1","unknown"
"ACTGAACCAGATGGGT-1","NK cells"
"ACTGAACTCATTTGGG-1","CD4+ T cells"
"ACTGAGTCAGACTCGC-1","NK cells"
"ACTGATGAGTTCCACA-1","CD4+ T cells"
"ACTGATGCACGTCTCT-1","CD4+ T cells"
"ACTGATGCATTGGCGC-1","unknown"
"ACTGCTCCAACTTGAC-1","CD4+ T cells"
"ACTGCTCCATCCCATC-1","CD8+ T cells"
"ACTGCTCTCTACCAGA-1","CD4+ T cells"
"ACTGTCCAGAGTGAGA-1","CD14+ monocytes"
"ACTGTCCAGGTGATTA-1","CD4+ T cells"
"ACTGTCCTCCGCATAA-1","CD4+ T cells"
"ACTTACTAGACTTTCG-1","unknown"
"ACTTACTCACCAGGCT-1","CD4+ T cells"
"ACTTACTCATGCTAGT-1","unknown"
"ACTTACTCATTCTTAC-1","B cells"
"ACTTGTTAGCTCCTCT-1","NK cells"
"ACTTGTTTCCAAACTG-1","NK cells"
"ACTTTCAGTTCCACTC-1","NK cells"
"ACTTTCATCCGCGCAA-1","NK cells"
"AGAATAGAGCTGCAAG-1","unknown"
"AGAATAGCACCAGGCT-1","CD4+ T cells"
"AGAATAGGTACAGACG-1","CD4+ T cells"
"AGAATAGGTACCGTTA-1","CD8+ T cells"
"AGAATAGGTGTTAAGA-1","CD4+ T cells"
"AGAATAGTCAGGCGAA-1","CD4+ T cells"
"AGACGTTCATACCATG-1","CD8+ T cells"
"AGAGCGACACCCTATC-1","CD4+ T cells"
"AGAGCTTCAGATTGCT-1","CD14+ monocytes"
"AGAGCTTCATGTCGAT-1","CD4+ T cells"
"AGAGCTTGTGCGGTAA-1","NK cells"
"AGAGCTTTCCCAAGAT-1","CD14+ monocytes"
"AGAGTGGAGGACGAAA-1","B cells"
"AGAGTGGGTGACTCAT-1","B cells"
"AGAGTGGTCACCCGAG-1","CD4+ T cells"
"AGATCTGAGCAGCGTA-1","unknown"
"AGATCTGAGGCATGGT-1","NK cells"
"AGATCTGAGTACGACG-1","CD4+ T cells"
"AGATCTGCACCGAATT-1","CD14+ monocytes"
"AGATCTGTCGAGAGCA-1","CD14+ monocytes"
"AGATCTGTCTGGTGTA-1","CD4+ T cells"
"AGATTGCAGCAGACTG-1","NK cells"
"AGATTGCCAGCGAACA-1","CD8+ T cells"
"AGATTGCGTGTCGCTG-1","CD14+ monocytes"
"AGATTGCGTGTTAAGA-1","CD4+ T cells"
"AGCAGCCCAGTGGAGT-1","CD4+ T cells"
"AGCAGCCTCTGGTGTA-1","CD4+ T cells"
"AGCATACAGAACAACT-1","CD4+ T cells"
"AGCATACCAGCGATCC-1","CD4+ T cells"
"AGCATACGTCTAGAGG-1","B cells"
"AGCATACTCTCAACTT-1","unknown"
"AGCCTAACAAAGCGGT-1","unknown"
"AGCCTAACACACATGT-1","CD4+ T cells"
"AGCCTAAGTTATCGGT-1","CD4+ T cells"
"AGCGGTCAGCTAACAA-1","NK cells"
"AGCGGTCAGGGAGTAA-1","CD4+ T cells"
"AGCGGTCCAAGTAATG-1","CD4+ T cells"
"AGCGGTCCACCCTATC-1","CD4+ T cells"
"AGCGGTCGTTACTGAC-1","CD4+ T cells"
"AGCGTATAGATGTTAG-1","NK cells"
"AGCGTATCACCAGCAC-1","CD4+ T cells"
"AGCGTATGTTGAACTC-1","unknown"
"AGCGTCGAGAGGTTGC-1","unknown"
"AGCTCCTAGGTCGGAT-1","NK cells"
"AGCTCCTCAGGGAGAG-1","CD8+ T cells"
"AGCTCTCAGCCAGTAG-1","CD4+ T cells"
"AGCTCTCGTCGCATCG-1","CD4+ T cells"
"AGCTCTCTCATCACCC-1","CD4+ T cells"
"AGCTTGAAGAGGTTAT-1","CD4+ T cells"
"AGCTTGACACTTAAGC-1","CD4+ T cells"
"AGGCCACAGGTGTGGT-1","CD4+ T cells"
"AGGCCACCATGCCTTC-1","unknown"
"AGGCCACGTTCCACGG-1","NK cells"
"AGGCCACTCGAATGCT-1","CD4+ T cells"
"AGGCCGTAGTGACTCT-1","NK cells"
"AGGCCGTCAAGTTGTC-1","NK cells"
"AGGCCGTCATCCGCGA-1","CD8+ T cells"
"AGGCCGTGTTGTTTGG-1","NK cells"
"AGGGAGTCACGGTGTC-1","CD4+ T cells"
"AGGGAGTGTCCAGTTA-1","CD4+ T cells"
"AGGGATGAGGCCCTCA-1","CD14+ monocytes"
"AGGGATGGTTCCACTC-1","unknown"
"AGGGATGTCGGTGTTA-1","CD4+ T cells"
"AGGGTGAAGATCCGAG-1","CD4+ T cells"
"AGGGTGAAGCTGAAAT-1","CD8+ T cells"
"AGGGTGAAGTCACGCC-1","NK cells"
"AGGGTGAGTCTGATTG-1","CD14+ monocytes"
"AGGGTGAGTGAGGGTT-1","CD8+ T cells"
"AGGTCATGTCTCAACA-1","NK cells"
"AGGTCATTCCGTTGTC-1","CD14+ monocytes"
"AGGTCCGAGTGGTCCC-1","CD8+ T cells"
"AGGTCCGCACGCGAAA-1","CD8+ T cells"
"AGTAGTCAGTCGATAA-1","CD4+ T cells"
"AGTAGTCCAACTGGCC-1","B cells"
"AGTAGTCCACAGACTT-1","CD14+ monocytes"
"AGTAGTCCAGCTGCTG-1","NK cells"
"AGTGAGGCAGGCAGTA-1","CD4+ T cells"
"AGTGGGAGTACTCTCC-1","NK cells"
"AGTGGGAGTCAACTGT-1","unknown"
"AGTGGGAGTCCCTTGT-1","CD4+ T cells"
"AGTGTCACAATGAAAC-1","CD4+ T cells"
"AGTGTCACACAGCCCA-1","CD4+ T cells"
"AGTGTCACATACTACG-1","B cells"
"AGTTGGTCATGCTGGC-1","NK cells"
"AGTTGGTTCTTTAGGG-1","CD8+ T cells"
"ATAACGCAGAACAACT-1","unknown"
"ATAACGCCACAACTGT-1","CD4+ T cells"
"ATAACGCTCACATAGC-1","NK cells"
"ATAAGAGCAGTAGAGC-1","CD8+ T cells"
"ATAAGAGGTAGGCTGA-1","CD14+ monocytes"
"ATAGACCAGTCTCGGC-1","CD4+ T cells"
"ATCACGAGTGTGACCC-1","CD14+ monocytes"
"ATCACGATCAAAGACA-1","CD4+ T cells"
"ATCATCTAGGCCATAG-1","CD4+ T cells"
"ATCATCTAGGTAGCCA-1","NK cells"
"ATCATCTTCAGCCTAA-1","CD16+ monocytes"
"ATCATGGAGAATTCCC-1","CD4+ T cells"
"ATCATGGCACAAGTAA-1","CD8+ T cells"
"ATCATGGCACTACAGT-1","CD4+ T cells"
"ATCATGGGTCGGCATC-1","unknown"
"ATCATGGTCTACTCAT-1","CD4+ T cells"
"ATCATGGTCTATCGCC-1","CD14+ monocytes"
"ATCCACCCAGGTCTCG-1","CD4+ T cells"
"ATCCACCTCACAATGC-1","CD8+ T cells"
"ATCCACCTCAGTTTGG-1","CD4+ T cells"
"ATCCACCTCTGTTTGT-1","CD4+ T cells"
"ATCCGAAAGCACGCCT-1","NK cells"
"ATCCGAAAGCTGGAAC-1","CD8+ T cells"
"ATCCGAACATTAACCG-1","NK cells"
"ATCCGAATCACGGTTA-1","CD8+ T cells"
"ATCGAGTAGATCTGCT-1","CD4+ T cells"
"ATCGAGTCAAGCTGAG-1","unknown"
"ATCGAGTGTGACCAAG-1","NK cells"
"ATCGAGTGTGTTTGTG-1","CD4+ T cells"
"ATCGAGTTCACCACCT-1","CD4+ T cells"
"ATCGAGTTCGGTGTCG-1","CD14+ monocytes"
"ATCTACTAGAGGACGG-1","B cells"
"ATCTACTGTCTCCCTA-1","B cells"
"ATCTACTGTGAGCGAT-1","B cells"
"ATCTACTTCCCGGATG-1","CD4+ T cells"
"ATCTGCCTCCACGAAT-1","NK cells"
"ATGAGGGCAATCCGAT-1","CD8+ T cells"
"ATGAGGGCACAACTGT-1","CD8+ T cells"
"ATGAGGGGTTGCCTCT-1","CD8+ T cells"
"ATGAGGGTCACGGTTA-1","B cells"
"ATGCGATAGGGTATCG-1","NK cells"
"ATGCGATAGTACTTGC-1","CD4+ T cells"
"ATGCGATAGTGTTAGA-1","CD14+ monocytes"
"ATGCGATCAGAGCCAA-1","CD4+ T cells"
"ATGGGAGCATTGGGCC-1","CD4+ T cells"
"ATGGGAGTCTTAGAGC-1","unknown"
"ATGTGTGAGAAACGAG-1","CD4+ T cells"
"ATGTGTGGTGGTGTAG-1","CD4+ T cells"
"ATTACTCCACAGGCCT-1","CD4+ T cells"
"ATTACTCGTACCCAAT-1","CD14+ monocytes"
"ATTACTCTCGCGTAGC-1","CD4+ T cells"
"ATTATCCAGCTAGCCC-1","NK cells"
"ATTATCCAGGACAGAA-1","NK cells"
"ATTATCCGTCCATCCT-1","unknown"
"ATTATCCTCCGTCAAA-1","NK cells"
"ATTCTACAGTTACCCA-1","B cells"
"ATTCTACGTACGCACC-1","NK cells"
"ATTGGACAGCAATCTC-1","CD8+ T cells"
"ATTGGACCAGGTCCAC-1","CD4+ T cells"
"ATTGGTGGTGCTAGCC-1","CD4+ T cells"
"ATTTCTGAGAGCTATA-1","CD14+ monocytes"
"ATTTCTGCAGCGAACA-1","NK cells"
"ATTTCTGGTAAGTTCC-1","CD8+ T cells"
"ATTTCTGGTACCGCTG-1","CD4+ T cells"
"ATTTCTGTCACAACGT-1","CD4+ T cells"
"ATTTCTGTCGCCTGAG-1","CD4+ T cells"
"CAACCAAAGTGTGGCA-1","unknown"
"CAACCAAAGTTGTAGA-1","CD8+ T cells"
"CAACCAACAAGGACAC-1","CD4+ T cells"
"CAACCTCGTACAGTTC-1","CD4+ T cells"
"CAACCTCTCCACTCCA-1","CD4+ T cells"
"CAACCTCTCTAACGGT-1","CD4+ T cells"
"CAACTAGTCAATACCG-1","NK cells"
"CAAGAAAGTTGAGGTG-1","CD4+ T cells"
"CAAGAAATCCACGACG-1","CD8+ T cells"
"CAAGATCAGAAGGGTA-1","unknown"
"CAAGATCAGGCATTGG-1","CD4+ T cells"
"CAAGATCGTTCGTTGA-1","unknown"
"CAAGGCCAGGATATAC-1","NK cells"
"CAAGGCCTCCAAAGTC-1","CD4+ T cells"
"CAAGGCCTCCTTAATC-1","CD4+ T cells"
"CAAGGCCTCCTTGCCA-1","CD4+ T cells"
"CAAGTTGAGTTATCGC-1","CD4+ T cells"
"CAAGTTGAGTTGAGTA-1","unknown"
"CAAGTTGCACCAGCAC-1","CD8+ T cells"
"CAAGTTGGTCATATCG-1","CD14+ monocytes"
"CAAGTTGGTGTGAAAT-1","unknown"
"CAAGTTGTCTAACTCT-1","CD8+ T cells"
"CACAAACAGGAACTGC-1","unknown"
"CACAAACTCACATAGC-1","CD4+ T cells"
"CACAAACTCCGCATAA-1","CD4+ T cells"
"CACAAACTCTCAAACG-1","NK cells"
"CACACAACAAGGGTCA-1","NK cells"
"CACACAACATCATCCC-1","CD4+ T cells"
"CACACAAGTACGCTGC-1","CD4+ T cells"
"CACACAATCATTTGGG-1","CD4+ T cells"
"CACACCTAGTAAGTAC-1","CD4+ T cells"
"CACACCTCAATGTAAG-1","CD4+ T cells"
"CACACTCCACGGTTTA-1","CD4+ T cells"
"CACACTCGTAACGTTC-1","CD8+ T cells"
"CACACTCGTAAGGGAA-1","CD4+ T cells"
"CACACTCTCAACGGGA-1","unknown"
"CACAGGCCAGCTTCGG-1","B cells"
"CACAGGCGTCTGCGGT-1","CD8+ T cells"
"CACAGTAAGCATCATC-1","CD4+ T cells"
"CACAGTACACAGATTC-1","NK cells"
"CACAGTATCGTGGTCG-1","CD4+ T cells"
"CACATAGAGTGCGATG-1","CD4+ T cells"
"CACATAGGTTTGTTTC-1","CD4+ T cells"
"CACATTTAGCAGGCTA-1","unknown"
"CACATTTCAGCAGTTT-1","B cells"
"CACATTTTCCACGACG-1","CD4+ T cells"
"CACCACTAGGACATTA-1","CD8+ T cells"
"CACCACTAGGCTAGGT-1","CD4+ T cells"
"CACCACTCACAGCCCA-1","unknown"
"CACCACTTCCTGCTTG-1","CD4+ T cells"
"CACCACTTCGCATGAT-1","CD4+ T cells"
"CACCAGGGTTGGAGGT-1","CD4+ T cells"
"CACCAGGTCTAACGGT-1","CD14+ monocytes"
"CACCTTGAGCTGTTCA-1","CD4+ T cells"
"CACTCCACAGCAGTTT-1","CD8+ T cells"
"CAGAATCAGCAGATCG-1","CD8+ T cells"
"CAGAATCCATTACCTT-1","CD8+ T cells"
"CAGAATCTCAATCTCT-1","NK cells"
"CAGAATCTCACGACTA-1","CD4+ T cells"
"CAGAGAGAGTGGAGTC-1","unknown"
"CAGAGAGTCCGCAAGC-1","NK cells"
"CAGATCAAGCCGCCTA-1","CD4+ T cells"
"CAGATCACAGCTATTG-1","unknown"
"CAGATCATCCACTCCA-1","CD8+ T cells"
"CAGCAGCCATAGTAAG-1","B cells"
"CAGCAGCTCAGTTGAC-1","CD8+ T cells"
"CAGCATAGTTCATGGT-1","CD4+ T cells"
"CAGCCGAGTCAAGCGA-1","CD4+ T cells"
"CAGCCGAGTGTTGAGG-1","CD14+ monocytes"
"CAGCCGATCGTGGTCG-1","CD4+ T cells"
"CAGCGACAGATCCGAG-1","CD8+ T cells"
"CAGCGACTCACCTCGT-1","CD8+ T cells"
"CAGCTAAAGAGTAATC-1","CD4+ T cells"
"CAGCTAAGTAGGAGTC-1","NK cells"
"CAGCTAAGTGCAGGTA-1","CD4+ T cells"
"CAGCTAAGTTTAGCTG-1","NK cells"
"CAGCTGGCAGCTGTGC-1","CD8+ T cells"
"CAGCTGGCAGTTCCCT-1","CD4+ T cells"
"CAGCTGGGTCTCTTTA-1","CD4+ T cells"
"CAGGTGCAGGAATTAC-1","CD4+ T cells"
"CAGGTGCCACAGCGTC-1","CD4+ T cells"
"CAGGTGCCAGCAGTTT-1","unknown"
"CAGTAACCACGAAGCA-1","unknown"
"CAGTAACGTCCAGTTA-1","CD4+ T cells"
"CAGTAACGTCGAGATG-1","CD14+ monocytes"
"CAGTCCTTCGAGAGCA-1","unknown"
"CAGTCCTTCGCCAAAT-1","CD4+ T cells"
"CAGTCCTTCTGGTATG-1","CD4+ T cells"
"CATATGGAGTAGATGT-1","CD14+ monocytes"
"CATATGGTCAACACCA-1","CD4+ T cells"
"CATATGGTCCCTAATT-1","B cells"
"CATATTCAGAAACCGC-1","CD14+ monocytes"
"CATATTCAGATGGCGT-1","CD8+ T cells"
"CATATTCAGCGCTTAT-1","CD4+ T cells"
"CATATTCGTATTCGTG-1","NK cells"
"CATATTCTCGGTCTAA-1","CD4+ T cells"
"CATCAAGAGTGAAGTT-1","NK cells"
"CATCAAGGTATAGTAG-1","CD14+ monocytes"
"CATCAAGTCGCTGATA-1","NK cells"
"CATCAGAAGTCAATAG-1","CD4+ T cells"
"CATCAGAGTGGCCCTA-1","CD14+ monocytes"
"CATCAGAGTTTGGGCC-1","CD4+ T cells"
"CATCAGATCATCTGCC-1","NK cells"
"CATCCACAGGGCTTGA-1","unknown"
"CATCCACCAGGAATGC-1","CD8+ T cells"
"CATCGAACACGGCCAT-1","NK cells"
"CATCGGGAGTTCGATC-1","CD4+ T cells"
"CATCGGGCAGCCACCA-1","NK cells"
"CATCGGGGTGCGGTAA-1","CD8+ T cells"
"CATCGGGTCGAGGTAG-1","NK cells"
"CATGACAAGATCCTGT-1","CD4+ T cells"
"CATGACAAGTACTTGC-1","CD4+ T cells"
"CATGACAGTCCAACTA-1","NK cells"
"CATGACAGTTCGGCAC-1","unknown"
"CATGACATCACCATAG-1","NK cells"
"CATGCCTAGAGGTAGA-1","NK cells"
"CATGCCTAGGCCCTCA-1","B cells"
"CATGGCGCAGGACCCT-1","CD4+ T cells"
"CATGGCGGTGCACTTA-1","CD4+ T cells"
"CATTATCCAGACTCGC-1","CD8+ T cells"
"CATTATCCATGCCTTC-1","CD8+ T cells"
"CATTATCTCCGCGTTT-1","CD8+ T cells"
"CATTATCTCTGACCTC-1","unknown"
"CATTCGCAGCGATATA-1","unknown"
"CATTCGCCAAGACGTG-1","CD4+ T cells"
"CATTCGCCAATAGAGT-1","CD8+ T cells"
"CATTCGCCATGTTCCC-1","unknown"
"CATTCGCGTCTGGTCG-1","CD8+ T cells"
"CATTCGCTCAGTTAGC-1","CD8+ T cells"
"CATTCGCTCGGTTCGG-1","CD4+ T cells"
"CCAATCCAGACTAGAT-1","CD8+ T cells"
"CCAATCCAGGTGACCA-1","unknown"
"CCAATCCTCGCATGGC-1","NK cells"
"CCAATCCTCTCTTATG-1","unknown"
"CCACCTAAGCTGTCTA-1","CD4+ T cells"
"CCACCTACACCCTATC-1","CD4+ T cells"
"CCACCTACATGAGCGA-1","CD4+ T cells"
"CCACCTATCAGAGGTG-1","CD14+ monocytes"
"CCACGGACACGCATCG-1","CD8+ T cells"
"CCACTACAGCCACTAT-1","CD8+ T cells"
"CCACTACAGGTAGCCA-1","CD4+ T cells"
"CCACTACTCTCCAACC-1","CD4+ T cells"
"CCAGCGACAGTAGAGC-1","CD4+ T cells"
"CCAGCGACATACTACG-1","CD4+ T cells"
"CCATGTCAGCCGTCGT-1","CD4+ T cells"
"CCATGTCAGTGTGGCA-1","CD4+ T cells"
"CCATGTCCAATTCCTT-1","CD4+ T cells"
"CCATGTCCATAAAGGT-1","unknown"
"CCATGTCGTCAACTGT-1","B cells"
"CCATGTCGTCATCGGC-1","CD14+ monocytes"
"CCATGTCGTTGGTTTG-1","NK cells"
"CCATGTCTCAGTTAGC-1","CD8+ T cells"
"CCATTCGAGTAGTGCG-1","CD4+ T cells"
"CCATTCGGTAACGACG-1","unknown"
"CCCAATCAGTTAGCGG-1","CD4+ T cells"
"CCCAATCGTGACTACT-1","CD4+ T cells"
"CCCAATCTCTAACCGA-1","CD4+ T cells"
"CCCAGTTAGTGGAGTC-1","CD4+ T cells"
"CCCAGTTGTTAAAGTG-1","NK cells"
"CCCATACAGATCTGCT-1","unknown"
"CCCATACAGGTCGGAT-1","CD4+ T cells"
"CCCATACGTGCACCAC-1","B cells"
"CCCTCCTCACGAGAGT-1","B cells"
"CCCTCCTCATCTACGA-1","unknown"
"CCGGGATCATTTCAGG-1","NK cells"
"CCGGGATTCTGGCGAC-1","B cells"
"CCGGTAGCACACATGT-1","CD4+ T cells"
"CCGGTAGTCGTGGGAA-1","CD4+ T cells"
"CCGTACTAGTGAATTG-1","NK cells"
"CCGTACTAGTTGAGTA-1","CD4+ T cells"
"CCGTACTCATTCTTAC-1","CD14+ monocytes"
"CCGTACTGTAGGGACT-1","unknown"
"CCGTACTGTCCGTGAC-1","CD8+ T cells"
"CCGTACTTCCGGCACA-1","unknown"
"CCGTGGAAGTGGCACA-1","CD4+ T cells"
"CCGTGGACAGACGCTC-1","CD8+ T cells"
"CCGTTCAAGGCATTGG-1","CD14+ monocytes"
"CCGTTCATCTCTTATG-1","CD4+ T cells"
"CCTAAAGAGGCACATG-1","CD4+ T cells"
"CCTAAAGTCAGTTCGA-1","NK cells"
"CCTACACAGGTGACCA-1","B cells"
"CCTACACGTGCTCTTC-1","CD4+ T cells"
"CCTACCATCTTGAGAC-1","NK cells"
"CCTATTAAGATCACGG-1","CD4+ T cells"
"CCTATTATCAGGCAAG-1","CD14+ monocytes"
"CCTCAGTGTCAGTGGA-1","NK cells"
"CCTCAGTTCGTAGGAG-1","unknown"
"CCTCTGAAGTACGCCC-1","CD4+ T cells"
"CCTTACGAGGATGCGT-1","NK cells"
"CCTTACGAGGTTCCTA-1","CD4+ T cells"
"CCTTACGCACATAACC-1","CD4+ T cells"
"CCTTACGCAGGGCATA-1","NK cells"
"CCTTACGTCAGTACGT-1","CD4+ T cells"
"CCTTCCCCATTGCGGC-1","unknown"
"CCTTCCCGTAAGGGCT-1","unknown"
"CCTTCCCTCGCAAACT-1","CD4+ T cells"
"CCTTCGAGTAGGGTAC-1","CD4+ T cells"
"CCTTCGATCTTGTATC-1","CD14+ monocytes"
"CCTTTCTCAGGAATCG-1","CD8+ T cells"
"CGAACATGTGAGTATA-1","unknown"
"CGAACATGTTGCGCAC-1","NK cells"
"CGAACATTCCTCAACC-1","unknown"
"CGAATGTCAAATCCGT-1","CD4+ T cells"
"CGAATGTGTCGATTGT-1","CD8+ T cells"
"CGAATGTTCGATCCCT-1","CD4+ T cells"
"CGACCTTAGTCAAGGC-1","CD8+ T cells"
"CGACTTCAGGGCTTGA-1","CD4+ T cells"
"CGACTTCCACTCAGGC-1","CD14+ monocytes"
"CGAGAAGCAACGATGG-1","CD4+ T cells"
"CGAGAAGTCCCAACGG-1","CD8+ T cells"
"CGAGCACAGACACTAA-1","CD4+ T cells"
"CGAGCACCAGCAGTTT-1","CD4+ T cells"
"CGAGCACTCACGCGGT-1","CD4+ T cells"
"CGAGCCAAGTTGAGTA-1","CD4+ T cells"
"CGAGCCACAGACAGGT-1","NK cells"
"CGAGCCAGTCCAACTA-1","CD4+ T cells"
"CGAGCCAGTTAAAGTG-1","CD4+ T cells"
"CGAGCCATCAGCAACT-1","unknown"
"CGATCGGCACGAGAGT-1","CD8+ T cells"
"CGATGGCAGTGTGGCA-1","CD14+ monocytes"
"CGATGGCCAGTATGCT-1","CD4+ T cells"
"CGATGGCTCGTCACGG-1","NK cells"
"CGATGTAAGAATTGTG-1","CD14+ monocytes"
"CGATGTACAAGGACAC-1","CD4+ T cells"
"CGATGTACAGCGTCCA-1","CD4+ T cells"
"CGATGTACATCGACGC-1","CD14+ monocytes"
"CGATGTAGTAGAAAGG-1","CD4+ T cells"
"CGATTGAGTCGCATAT-1","CD4+ T cells"
"CGCCAAGTCGCGTAGC-1","CD4+ T cells"
"CGCGGTAAGCGTAATA-1","CD8+ T cells"
"CGCGGTACAGGTGGAT-1","CD4+ T cells"
"CGCGGTACATCGGACC-1","CD14+ monocytes"
"CGCGGTAGTCCCTTGT-1","unknown"
"CGCGGTAGTTAGGGTG-1","CD4+ T cells"
"CGCGGTAGTTCTGAAC-1","B cells"
"CGCGTTTAGCACACAG-1","CD4+ T cells"
"CGCGTTTGTCGAATCT-1","CD8+ T cells"
"CGCGTTTGTTAAGAAC-1","unknown"
"CGCGTTTTCAAAGTAG-1","NK cells"
"CGCGTTTTCCGTTGCT-1","unknown"
"CGCTATCCATGACATC-1","CD4+ T cells"
"CGCTATCGTCCATGAT-1","CD4+ T cells"
"CGCTGGAAGCCGCCTA-1","CD14+ monocytes"
"CGCTTCAGTAGGACAC-1","NK cells"
"CGCTTCAGTCTGCGGT-1","CD4+ T cells"
"CGCTTCAGTGGACGAT-1","CD14+ monocytes"
"CGGACACCACGCATCG-1","CD4+ T cells"
"CGGACACCACTTGGAT-1","CD8+ T cells"
"CGGACACGTTGGACCC-1","CD8+ T cells"
"CGGACACTCCCAGGTG-1","CD4+ T cells"
"CGGACACTCCTTGACC-1","CD4+ T cells"
"CGGACGTAGCGTTTAC-1","CD8+ T cells"
"CGGACGTCACATTAGC-1","unknown"
"CGGACGTGTCAAGCGA-1","unknown"
"CGGACGTTCCAATGGT-1","CD4+ T cells"
"CGGACTGTCATATCGG-1","CD4+ T cells"
"CGGAGCTAGACAATAC-1","CD4+ T cells"
"CGGAGCTAGTCATGCT-1","CD4+ T cells"
"CGGAGCTGTGAACCTT-1","CD4+ T cells"
"CGGAGCTTCCACGCAG-1","CD8+ T cells"
"CGGAGCTTCTCGGACG-1","CD4+ T cells"
"CGGAGTCCATGCTAGT-1","CD4+ T cells"
"CGGAGTCGTCAACTGT-1","CD4+ T cells"
"CGGCTAGAGAAGGCCT-1","unknown"
"CGGCTAGCAACTGCGC-1","CD8+ T cells"
"CGGCTAGCAACTGCTA-1","CD8+ T cells"
"CGGCTAGCACCCAGTG-1","CD8+ T cells"
"CGGGTCAAGGAATGGA-1","CD4+ T cells"
"CGGGTCAGTACTCGCG-1","CD8+ T cells"
"CGGGTCATCCGATATG-1","CD4+ T cells"
"CGGTTAATCACCGGGT-1","CD4+ T cells"
"CGTAGCGAGGGTGTGT-1","CD4+ T cells"
"CGTAGCGAGTACACCT-1","CD14+ monocytes"
"CGTAGCGAGTCTTGCA-1","CD14+ monocytes"
"CGTAGGCAGCTGATAA-1","CD14+ monocytes"
"CGTAGGCAGGACAGCT-1","CD14+ monocytes"
"CGTAGGCGTATTACCG-1","CD8+ T cells"
"CGTAGGCGTCTAGTGT-1","CD8+ T cells"
"CGTCACTTCGGCCGAT-1","unknown"
"CGTCACTTCTGGTTCC-1","CD4+ T cells"
"CGTCAGGAGTGCGATG-1","B cells"
"CGTCAGGTCGTCTGCT-1","NK cells"
"CGTCCATAGATCCGAG-1","CD4+ T cells"
"CGTCCATAGGACAGAA-1","unknown"
"CGTCCATAGTCATCCA-1","B cells"
"CGTCCATCACGTAAGG-1","CD8+ T cells"
"CGTCCATCATGCCCGA-1","NK cells"
"CGTCCATGTCCTCCAT-1","CD4+ T cells"
"CGTCCATTCGATCCCT-1","CD8+ T cells"
"CGTCCATTCGGTTCGG-1","B cells"
"CGTCTACAGCAGCCTC-1","CD4+ T cells"
"CGTCTACGTCCTCCAT-1","CD4+ T cells"
"CGTGAGCCACCTCGTT-1","CD4+ T cells"
"CGTGAGCCAGGGCATA-1","B cells"
"CGTGAGCGTGACGGTA-1","CD4+ T cells"
"CGTGAGCGTTGTCTTT-1","CD14+ monocytes"
"CGTGTCTTCTACGAGT-1","CD8+ T cells"
"CGTTAGAAGTCAAGGC-1","unknown"
"CGTTAGACACGGTAAG-1","unknown"
"CGTTAGACATCACCCT-1","CD4+ T cells"
"CGTTAGATCCCTCTTT-1","CD4+ T cells"
"CGTTCTGGTATCGCAT-1","CD4+ T cells"
"CGTTGGGGTTTAAGCC-1","CD4+ T cells"
"CTAACTTGTCTCTTAT-1","unknown"
"CTAAGACAGCCAGTAG-1","CD8+ T cells"
"CTAAGACCATACCATG-1","CD8+ T cells"
"CTAAGACTCGCGTAGC-1","unknown"
"CTAATGGAGAACTCGG-1","CD8+ T cells"
"CTAATGGAGAGACTTA-1","NK cells"
"CTAATGGCAAGAGTCG-1","CD4+ T cells"
"CTACACCAGCGGCTTC-1","NK cells"
"CTACATTAGCAGGTCA-1","CD14+ monocytes"
"CTACATTAGCCAACAG-1","NK cells"
"CTACATTAGGCTCTTA-1","CD4+ T cells"
"CTACATTTCACCATAG-1","CD8+ T cells"
"CTACCCAAGCTAACAA-1","CD8+ T cells"
"CTACCCACAAACAACA-1","NK cells"
"CTACCCACATGTAGTC-1","CD4+ T cells"
"CTACCCATCGCCGTGA-1","CD4+ T cells"
"CTACGTCAGTGTGAAT-1","CD14+ monocytes"
"CTACGTCCAATCTACG-1","CD4+ T cells"
"CTACGTCGTTGACGTT-1","CD8+ T cells"
"CTACGTCTCGTCCGTT-1","CD4+ T cells"
"CTAGAGTCACCGAAAG-1","CD4+ T cells"
"CTAGCCTGTCTGGAGA-1","NK cells"
"CTAGTGACAGCTGCAC-1","CD4+ T cells"
"CTAGTGACATTGAGCT-1","CD4+ T cells"
"CTCACACTCAGGCAAG-1","CD4+ T cells"
"CTCACACTCCATGAGT-1","CD4+ T cells"
"CTCAGAATCGTGACAT-1","CD8+ T cells"
"CTCATTAAGATGCCAG-1","unknown"
"CTCATTACACAGCCCA-1","CD8+ T cells"
"CTCATTACATGCGCAC-1","CD4+ T cells"
"CTCATTAGTGAAATCA-1","NK cells"
"CTCATTATCGCAGGCT-1","CD4+ T cells"
"CTCCTAGAGGACAGCT-1","CD8+ T cells"
"CTCCTAGTCATGCAAC-1","unknown"
"CTCGAAAAGATATACG-1","CD4+ T cells"
"CTCGAAAAGCTACCGC-1","CD4+ T cells"
"CTCGAAACAGGAACGT-1","NK cells"
"CTCGAAAGTACAGACG-1","CD4+ T cells"
"CTCGAGGAGTGTACGG-1","CD8+ T cells"
"CTCGAGGCAGTTCATG-1","NK cells"
"CTCGAGGGTCTCTTAT-1","CD4+ T cells"
"CTCGGAGAGACATAAC-1","CD4+ T cells"
"CTCGGAGTCGTATCAG-1","CD4+ T cells"
"CTCGGGAAGGGTTTCT-1","CD4+ T cells"
"CTCGTACAGGTAAACT-1","unknown"
"CTCGTACGTCTCCATC-1","CD4+ T cells"
"CTCGTACGTCTGCCAG-1","unknown"
"CTCGTACTCATTGCGA-1","NK cells"
"CTCGTACTCCACGAAT-1","CD4+ T cells"
"CTCGTCAAGGCATGGT-1","CD8+ T cells"
"CTCGTCACATATACCG-1","CD8+ T cells"
"CTCGTCACATGAACCT-1","CD4+ T cells"
"CTCTAATAGGATTCGG-1","CD14+ monocytes"
"CTCTAATGTACTCTCC-1","CD4+ T cells"
"CTCTAATTCGGTGTTA-1","CD4+ T cells"
"CTCTACGCATGTTGAC-1","unknown"
"CTCTGGTAGCTAACTC-1","CD4+ T cells"
"CTCTGGTGTCATGCCG-1","NK cells"
"CTCTGGTTCTTAGAGC-1","unknown"
"CTGAAACAGCCTTGAT-1","unknown"
"CTGAAACCAGAAGCAC-1","unknown"
"CTGAAACGTATAGTAG-1","unknown"
"CTGAAGTCATCTGGTA-1","CD4+ T cells"
"CTGAAGTGTCACACGC-1","NK cells"
"CTGAAGTGTCGTGGCT-1","NK cells"
"CTGAAGTTCTTGCATT-1","CD8+ T cells"
"CTGATAGGTATAGGGC-1","CD4+ T cells"
"CTGATCCCAGGATTGG-1","CD4+ T cells"
"CTGCCTAAGACATAAC-1","CD4+ T cells"
"CTGCCTAAGATAGCAT-1","NK cells"
"CTGCCTACACGTAAGG-1","CD8+ T cells"
"CTGCCTAGTGCCTGGT-1","CD8+ T cells"
"CTGCGGACAATAAGCA-1","NK cells"
"CTGCGGACATATGAGA-1","CD14+ monocytes"
"CTGCGGATCAGCTTAG-1","CD4+ T cells"
"CTGCGGATCATTGCCC-1","CD8+ T cells"
"CTGCGGATCCGCTGTT-1","CD4+ T cells"
"CTGCTGTAGCTGTCTA-1","unknown"
"CTGCTGTTCATTGCGA-1","CD4+ T cells"
"CTGGTCTAGAATAGGG-1","NK cells"
"CTGTGCTAGCGATGAC-1","CD8+ T cells"
"CTGTGCTAGGTGCTAG-1","CD4+ T cells"
"CTGTGCTGTGCAACTT-1","CD4+ T cells"
"CTGTGCTTCCAAACTG-1","CD4+ T cells"
"CTGTTTACACTTCGAA-1","CD8+ T cells"
"CTGTTTATCCAAAGTC-1","CD4+ T cells"
"CTTAACTAGGCATGGT-1","CD4+ T cells"
"CTTAACTCATCGACGC-1","CD8+ T cells"
"CTTAACTGTACGACCC-1","CD4+ T cells"
"CTTAACTGTTGCGCAC-1","NK cells"
"CTTACCGAGACTAAGT-1","CD4+ T cells"
"CTTACCGGTACCGTAT-1","CD4+ T cells"
"CTTACCGGTTGCTCCT-1","CD4+ T cells"
"CTTACCGGTTTAGCTG-1","CD8+ T cells"
"CTTACCGTCATCACCC-1","NK cells"
"CTTACCGTCTCGATGA-1","CD4+ T cells"
"CTTAGGACATCGGAAG-1","NK cells"
"CTTAGGATCTCAAACG-1","NK cells"
"CTTCTCTCATATGAGA-1","NK cells"
"CTTCTCTGTCTAGGTT-1","unknown"
"CTTCTCTTCCGCATAA-1","CD4+ T cells"
"CTTGGCTGTAAGCACG-1","NK cells"
"CTTGGCTTCGAATGCT-1","CD4+ T cells"
"CTTTGCGAGCGGATCA-1","CD4+ T cells"
"CTTTGCGGTACAGTTC-1","unknown"
"CTTTGCGGTTCTGGTA-1","CD4+ T cells"
"CTTTGCGTCACCACCT-1","CD4+ T cells"
"GAAACTCGTCGTTGTA-1","CD4+ T cells"
"GAAACTCTCTGCTTGC-1","NK cells"
"GAAATGAAGGCGATAC-1","unknown"
"GAAATGATCAACACCA-1","CD8+ T cells"
"GAAATGATCGGAAATA-1","CD4+ T cells"
"GAAATGATCGGTCCGA-1","CD4+ T cells"
"GAACATCAGCCACCTG-1","CD8+ T cells"
"GAACCTACAGATGGCA-1","unknown"
"GAACCTACATCGGAAG-1","CD4+ T cells"
"GAACCTACATGCTAGT-1","CD16+ monocytes"
"GAACCTATCAACACCA-1","CD8+ T cells"
"GAACCTATCACCGTAA-1","B cells"
"GAACGGAGTCACCCAG-1","CD4+ T cells"
"GAACGGATCCGATATG-1","CD4+ T cells"
"GAAGCAGGTGATGTCT-1","CD8+ T cells"
"GAATAAGAGGTGCTAG-1","NK cells"
"GAATAAGAGTGAAGTT-1","CD4+ T cells"
"GAATAAGAGTGTGGCA-1","CD8+ T cells"
"GAATAAGCACTAGTAC-1","CD16+ monocytes"
"GAATAAGCATCACGTA-1","CD4+ T cells"
"GAATAAGTCATCTGTT-1","NK cells"
"GAATGAACAAGCGAGT-1","CD8+ T cells"
"GAATGAATCGTGGGAA-1","CD4+ T cells"
"GACACGCGTTAGGGTG-1","CD14+ monocytes"
"GACCAATAGAAACCGC-1","CD4+ T cells"
"GACCAATAGAGCCCAA-1","NK cells"
"GACCAATAGATGTGTA-1","unknown"
"GACCAATGTTCGTGAT-1","unknown"
"GACCTGGAGAACTGTA-1","CD4+ T cells"
"GACCTGGAGCAGCCTC-1","CD4+ T cells"
"GACCTGGGTAGCAAAT-1","unknown"
"GACCTGGTCGAATCCA-1","CD4+ T cells"
"GACCTGGTCGTTTGCC-1","CD4+ T cells"
"GACGCGTGTACCATCA-1","CD4+ T cells"
"GACGCGTGTCGCTTCT-1","CD4+ T cells"
"GACGCGTTCTCCCTGA-1","B cells"
"GACGGCTCACACTGCG-1","CD8+ T cells"
"GACGGCTCAGGTGGAT-1","CD14+ monocytes"
"GACGGCTTCGCGGATC-1","CD8+ T cells"
"GACGTGCAGCTTCGCG-1","CD4+ T cells"
"GACGTGCCAATGGAGC-1","CD14+ monocytes"
"GACGTGCGTGTTCGAT-1","CD4+ T cells"
"GACGTGCTCCTAAGTG-1","NK cells"
"GACGTTATCAACGCTA-1","unknown"
"GACTAACCACGCATCG-1","unknown"
"GACTAACTCTGCTGTC-1","NK cells"
"GACTACAAGAGAGCTC-1","CD8+ T cells"
"GACTACAAGATGGCGT-1","CD8+ T cells"
"GACTACAAGGCCCTTG-1","CD8+ T cells"
"GACTACACAATGACCT-1","CD4+ T cells"
"GACTGCGGTCTCGTTC-1","CD4+ T cells"
"GAGCAGAAGTAATCCC-1","CD4+ T cells"
"GAGCAGACACGAGAGT-1","CD4+ T cells"
"GAGCAGATCCGTAGGC-1","NK cells"
"GAGGTGAAGATGTCGG-1","CD4+ T cells"
"GAGGTGAGTGCACCAC-1","B cells"
"GAGTCCGAGCTCCCAG-1","unknown"
"GAGTCCGCAGCGAACA-1","CD4+ T cells"
"GAGTCCGCAGTACACT-1","CD4+ T cells"
"GAGTCCGTCAAACAAG-1","CD4+ T cells"
"GAGTCCGTCACAAACC-1","CD8+ T cells"
"GAGTCCGTCCTCTAGC-1","unknown"
"GAGTCCGTCTTGGGTA-1","CD8+ T cells"
"GATCAGTAGGATGTAT-1","CD4+ T cells"
"GATCGATCAGCTGCTG-1","B cells"
"GATCGATTCTCAACTT-1","unknown"
"GATCGCGCATCACAAC-1","NK cells"
"GATCGTAAGAGACTAT-1","CD4+ T cells"
"GATCGTAAGGCTCAGA-1","CD8+ T cells"
"GATCGTACATGTCTCC-1","unknown"
"GATCGTATCCATTCTA-1","NK cells"
"GATGAAAAGGACTGGT-1","CD14+ monocytes"
"GATGAAACAAGAGTCG-1","NK cells"
"GATGAAAGTCTCCACT-1","CD4+ T cells"
"GATGAAAGTTGTACAC-1","CD4+ T cells"
"GATGAGGAGGCTAGAC-1","CD4+ T cells"
"GATGAGGAGTTCGCAT-1","CD4+ T cells"
"GATGAGGTCAGAGCTT-1","B cells"
"GATGAGGTCGACGGAA-1","CD4+ T cells"
"GATGAGGTCTTCGGTC-1","CD4+ T cells"
"GATGCTAAGTAACCCT-1","unknown"
"GATGCTACACTTAAGC-1","unknown"
"GATTCAGCACTTGGAT-1","CD8+ T cells"
"GATTCAGCAGGTGGAT-1","unknown"
"GATTCAGGTGAGTATA-1","CD8+ T cells"
"GATTCAGGTGATGATA-1","CD4+ T cells"
"GCAAACTCAGCTGTTA-1","CD16+ monocytes"
"GCAATCACACCACGTG-1","CD4+ T cells"
"GCAATCACACGTCTCT-1","CD4+ T cells"
"GCACATAAGCAAATCA-1","NK cells"
"GCACATACACAGCGTC-1","CD8+ T cells"
"GCACATACACGACTCG-1","CD8+ T cells"
"GCACATATCCAGTAGT-1","unknown"
"GCACTCTGTCTTCGTC-1","B cells"
"GCACTCTGTGTCGCTG-1","CD8+ T cells"
"GCACTCTTCAAACCGT-1","CD4+ T cells"
"GCAGCCACATCAGTAC-1","CD4+ T cells"
"GCAGCCATCGGTGTTA-1","unknown"
"GCAGCCATCTCACATT-1","NK cells"
"GCAGTTAAGACTAGAT-1","unknown"
"GCAGTTACACCACCAG-1","NK cells"
"GCAGTTACACCAGGTC-1","CD4+ T cells"
"GCATACACAAGTCTGT-1","CD4+ T cells"
"GCATACATCCTTGCCA-1","CD4+ T cells"
"GCATGATCATCGATTG-1","CD4+ T cells"
"GCATGCGAGACACGAC-1","B cells"
"GCATGCGAGGCCCTCA-1","unknown"
"GCATGCGTCGCCGTGA-1","CD4+ T cells"
"GCATGTACAAGCGTAG-1","unknown"
"GCATGTACAAGCTGGA-1","CD4+ T cells"
"GCATGTATCCTAAGTG-1","CD4+ T cells"
"GCCAAATAGACTAAGT-1","CD8+ T cells"
"GCCTCTAAGTAGCGGT-1","CD8+ T cells"
"GCGACCAGTAAACACA-1","CD4+ T cells"
"GCGACCATCTAAGCCA-1","NK cells"
"GCGAGAAAGGCTAGGT-1","CD4+ T cells"
"GCGAGAAAGTTGAGAT-1","unknown"
"GCGAGAACACTAGTAC-1","unknown"
"GCGAGAAGTGGCCCTA-1","CD14+ monocytes"
"GCGAGAATCATCTGCC-1","unknown"
"GCGCAACCACCTGGTG-1","NK cells"
"GCGCAACGTAGCTTGT-1","CD8+ T cells"
"GCGCAACGTTCAACCA-1","CD4+ T cells"
"GCGCAACTCACTTACT-1","CD4+ T cells"
"GCGCAACTCGGTTCGG-1","unknown"
"GCGCAGTAGGACACCA-1","NK cells"
"GCGCAGTGTCTCCATC-1","CD8+ T cells"
"GCGCCAAAGCACGCCT-1","CD8+ T cells"
"GCGCCAACAATCTACG-1","CD8+ T cells"
"GCGCCAACACAGCGTC-1","CD14+ monocytes"
"GCGCGATAGCGTAATA-1","CD4+ T cells"
"GCGCGATAGTACGCGA-1","unknown"
"GCGCGATCACCCATTC-1","unknown"
"GCGCGATCACTACAGT-1","CD16+ monocytes"
"GCGCGATCATTGGGCC-1","CD4+ T cells"
"GCGCGATGTCATATGC-1","CD8+ T cells"
"GCGGGTTAGCCACGCT-1","NK cells"
"GCGGGTTAGCGATATA-1","CD8+ T cells"
"GCGGGTTTCTTGTATC-1","CD4+ T cells"
"GCTCCTAAGGTGTGGT-1","CD14+ monocytes"
"GCTCCTACAGATGAGC-1","CD8+ T cells"
"GCTCCTATCAACTCTT-1","CD4+ T cells"
"GCTCTGTGTAGGGACT-1","unknown"
"GCTGCAGAGAGGACGG-1","NK cells"
"GCTGCAGAGCTAACAA-1","unknown"
"GCTGCAGGTCTGATCA-1","unknown"
"GCTGCAGTCGGATGGA-1","CD4+ T cells"
"GCTGCGAAGTGGAGTC-1","CD4+ T cells"
"GCTGCGATCCTGCCAT-1","unknown"
"GCTGCTTAGCCAGTTT-1","CD4+ T cells"
"GCTGCTTAGGCAATTA-1","CD4+ T cells"
"GCTGCTTCATGAAGTA-1","unknown"
"GCTGCTTTCGATAGAA-1","CD8+ T cells"
"GCTTCCAAGTCACGCC-1","CD8+ T cells"
"GCTTCCAGTAAAGTCA-1","CD8+ T cells"
"GCTTCCAGTAGCTTGT-1","CD8+ T cells"
"GCTTGAAGTTTGGGCC-1","unknown"
"GCTTGAATCTGATTCT-1","CD4+ T cells"
"GGAAAGCAGCTCTCGG-1","unknown"
"GGAAAGCCAGACAAGC-1","NK cells"
"GGAAAGCTCTGGCGAC-1","CD4+ T cells"
"GGAACTTGTCGATTGT-1","CD4+ T cells"
"GGAACTTGTTCCACAA-1","CD8+ T cells"
"GGAATAACATCACGTA-1","NK cells"
"GGAATAAGTAGCGATG-1","B cells"
"GGAATAAGTCATCGGC-1","unknown"
"GGAATAAGTCTTCTCG-1","CD8+ T cells"
"GGAATAATCCAAACAC-1","unknown"
"GGACAAGAGTAGATGT-1","unknown"
"GGACAAGCACATAACC-1","CD14+ monocytes"
"GGACAAGCACCAGCAC-1","CD14+ monocytes"
"GGACAAGGTAAGAGGA-1","CD4+ T cells"
"GGACAGAGTCTGATTG-1","CD16+ monocytes"
"GGACATTAGTTACGGG-1","CD8+ T cells"
"GGACATTCAATGGAGC-1","CD14+ monocytes"
"GGACATTTCCATTCTA-1","NK cells"
"GGACGTCCACCAGGTC-1","CD4+ T cells"
"GGACGTCCAGCGAACA-1","NK cells"
"GGAGCAATCACCACCT-1","NK cells"
"GGAGCAATCTCGTTTA-1","CD4+ T cells"
"GGATGTTAGAACAACT-1","CD4+ T cells"
"GGATGTTAGCGAAGGG-1","CD4+ T cells"
"GGATGTTGTAGATTAG-1","CD8+ T cells"
"GGATTACAGTGCAAGC-1","CD4+ T cells"
"GGCAATTCAATAGCAA-1","B cells"
"GGCAATTTCAACGCTA-1","CD8+ T cells"
"GGCAATTTCCATTCTA-1","NK cells"
"GGCCGATAGAAACCGC-1","unknown"
"GGCCGATTCACCGGGT-1","CD4+ T cells"
"GGCCGATTCCAAGCCG-1","CD8+ T cells"
"GGCCGATTCCTGCCAT-1","CD4+ T cells"
"GGCGACTAGGACATTA-1","CD4+ T cells"
"GGCGACTCACGAAAGC-1","CD8+ T cells"
"GGCGACTCACTTCTGC-1","CD4+ T cells"
"GGCGACTCAGACGCCT-1","CD8+ T cells"
"GGCGACTGTTATTCTC-1","CD4+ T cells"
"GGCGTGTAGTATGACA-1","unknown"
"GGCGTGTTCCGCTGTT-1","CD4+ T cells"
"GGCGTGTTCTTGAGAC-1","NK cells"
"GGCTCGAAGCGTGAAC-1","B cells"
"GGCTGGTAGTGCAAGC-1","CD4+ T cells"
"GGCTGGTGTCACTTCC-1","CD4+ T cells"
"GGCTGGTGTCCTAGCG-1","NK cells"
"GGGAATGAGATCGGGT-1","CD8+ T cells"
"GGGAATGGTGAAGGCT-1","CD8+ T cells"
"GGGAATGTCAACCAAC-1","CD8+ T cells"
"GGGAATGTCGGTGTCG-1","CD4+ T cells"
"GGGACCTAGATGTAAC-1","CD4+ T cells"
"GGGACCTGTACTCAAC-1","CD4+ T cells"
"GGGACCTTCACAAACC-1","CD4+ T cells"
"GGGACCTTCCTTTCGG-1","CD8+ T cells"
"GGGAGATCAATCGGTT-1","CD14+ monocytes"
"GGGAGATCACAACGTT-1","CD14+ monocytes"
"GGGAGATCATCGGGTC-1","B cells"
"GGGAGATCATGAACCT-1","unknown"
"GGGAGATGTTCCACGG-1","unknown"
"GGGAGATGTTCCGTCT-1","CD4+ T cells"
"GGGAGATTCTGAGGGA-1","NK cells"
"GGGATGACAATGAATG-1","CD4+ T cells"
"GGGATGACATGGTAGG-1","CD8+ T cells"
"GGGATGAGTAGGGTAC-1","NK cells"
"GGGATGAGTGAGCGAT-1","unknown"
"GGGATGAGTTAGAACA-1","unknown"
"GGGATGATCCACGAAT-1","unknown"
"GGGATGATCCTAGTGA-1","CD8+ T cells"
"GGGATGATCTGGAGCC-1","CD4+ T cells"
"GGGCACTCACGGATAG-1","CD4+ T cells"
"GGGTCTGCAGCCTTGG-1","CD4+ T cells"
"GGGTCTGCAGTCGTGC-1","CD4+ T cells"
"GGGTCTGCATCACCCT-1","CD4+ T cells"
"GGGTTGCAGTACGATA-1","CD4+ T cells"
"GGGTTGCTCAGAGCTT-1","CD4+ T cells"
"GGGTTGCTCCGAATGT-1","CD4+ T cells"
"GGTATTGAGACAGGCT-1","CD4+ T cells"
"GGTATTGAGGTAGCTG-1","unknown"
"GGTATTGGTCCTCTTG-1","CD14+ monocytes"
"GGTGAAGAGATCGGGT-1","CD14+ monocytes"
"GGTGAAGCATTACGAC-1","NK cells"
"GGTGAAGTCCAGGGCT-1","CD4+ T cells"
"GGTGCGTAGACTAGGC-1","CD4+ T cells"
"GGTGCGTCAAACGCGA-1","CD4+ T cells"
"GGTGCGTGTACAGTGG-1","NK cells"
"GGTGCGTGTGAGGGTT-1","CD14+ monocytes"
"GGTGCGTGTGATGTCT-1","CD4+ T cells"
"GGTGCGTTCATGTCTT-1","NK cells"
"GGTGTTAAGTGTTTGC-1","CD8+ T cells"
"GGTGTTACACTTACGA-1","CD8+ T cells"
"GGTGTTAGTCCAACTA-1","CD4+ T cells"
"GGTGTTAGTTATCGGT-1","CD4+ T cells"
"GGTGTTATCCCTTGTG-1","NK cells"
"GTAACGTAGTGCCAGA-1","NK cells"
"GTAACGTCAACTTGAC-1","NK cells"
"GTAACGTGTTACAGAA-1","CD8+ T cells"
"GTAACGTGTTGACGTT-1","CD4+ T cells"
"GTAACTGCATTGGCGC-1","CD4+ T cells"
"GTAACTGTCTCAAGTG-1","CD14+ monocytes"
"GTACGTAAGCAGGTCA-1","CD4+ T cells"
"GTACGTACACGTTGGC-1","unknown"
"GTACGTAGTCTGGTCG-1","B cells"
"GTACGTATCACTTATC-1","CD4+ T cells"
"GTACTCCAGGGCTCTC-1","unknown"
"GTACTCCGTTACAGAA-1","unknown"
"GTACTCCGTTCATGGT-1","NK cells"
"GTACTCCTCAAACCGT-1","CD4+ T cells"
"GTACTCCTCGCCGTGA-1","NK cells"
"GTACTTTAGCTACCTA-1","NK cells"
"GTACTTTAGTGGACGT-1","CD4+ T cells"
"GTACTTTGTAGGGTAC-1","B cells"
"GTAGGCCCACCCATTC-1","CD8+ T cells"
"GTAGGCCGTCTAGTGT-1","CD4+ T cells"
"GTAGGCCTCCGCGGTA-1","CD8+ T cells"
"GTAGTCACAGAGCCAA-1","CD8+ T cells"
"GTAGTCACAGCCTTTC-1","NK cells"
"GTAGTCATCGCCTGTT-1","CD4+ T cells"
"GTATCTTCAACGCACC-1","CD4+ T cells"
"GTATTCTAGCCTTGAT-1","NK cells"
"GTATTCTGTCAGAGGT-1","B cells"
"GTATTCTTCCGTAGTA-1","CD4+ T cells"
"GTATTCTTCGACCAGC-1","CD4+ T cells"
"GTATTCTTCTGCGTAA-1","NK cells"
"GTCAAGTAGTAGGCCA-1","CD4+ T cells"
"GTCAAGTGTAAACGCG-1","CD8+ T cells"
"GTCAAGTTCTTACCTA-1","B cells"
"GTCACAACACATTCGA-1","unknown"
"GTCACAATCACTATTC-1","CD4+ T cells"
"GTCACAATCTCCTATA-1","B cells"
"GTCATTTGTATGAATG-1","CD4+ T cells"
"GTCCTCAAGCAATATG-1","CD4+ T cells"
"GTCCTCAAGCTAAACA-1","CD4+ T cells"
"GTCCTCACAAAGTGCG-1","CD8+ T cells"
"GTCCTCATCAGGCGAA-1","CD4+ T cells"
"GTCGGGTAGTACGTTC-1","unknown"
"GTCGGGTCAAGTTAAG-1","unknown"
"GTCGGGTGTGGCAAAC-1","CD4+ T cells"
"GTCGGGTTCGTCGTTC-1","CD4+ T cells"
"GTCGTAAAGTACGTTC-1","CD8+ T cells"
"GTCGTAAGTCCAAGTT-1","unknown"
"GTCGTAAGTTGGTAAA-1","CD4+ T cells"
"GTCTCGTAGAAGGTTT-1","CD4+ T cells"
"GTCTCGTAGGCAGTCA-1","NK cells"
"GTCTTCGCAGGAATGC-1","CD8+ T cells"
"GTCTTCGGTAGAGCTG-1","NK cells"
"GTCTTCGGTAGGAGTC-1","CD4+ T cells"
"GTCTTCGTCGTGGTCG-1","B cells"
"GTGAAGGAGAGCTATA-1","NK cells"
"GTGAAGGAGTGGAGTC-1","CD8+ T cells"
"GTGAAGGGTTACAGAA-1","CD8+ T cells"
"GTGCAGCTCACTTCAT-1","CD4+ T cells"
"GTGCAGCTCGTAGATC-1","CD4+ T cells"
"GTGCATAAGAATTCCC-1","CD8+ T cells"
"GTGCATATCAAAGTAG-1","CD4+ T cells"
"GTGCTTCCACAAGCCC-1","CD4+ T cells"
"GTGCTTCGTGGCGAAT-1","CD14+ monocytes"
"GTGCTTCTCATAACCG-1","CD4+ T cells"
"GTGGGTCGTAAATGTG-1","CD4+ T cells"
"GTGGGTCTCACCTTAT-1","CD4+ T cells"
"GTGGGTCTCAGATAAG-1","CD8+ T cells"
"GTGTGCGCAAGGTTTC-1","CD14+ monocytes"
"GTGTGCGCAGTTCATG-1","B cells"
"GTGTGCGCATGGGACA-1","CD4+ T cells"
"GTGTGCGCATGGTAGG-1","NK cells"
"GTGTGCGGTAGGAGTC-1","CD4+ T cells"
"GTGTGCGGTGACGGTA-1","NK cells"
"GTGTGCGTCACAAACC-1","CD4+ T cells"
"GTGTGCGTCGAGAGCA-1","unknown"
"GTGTGCGTCGGCCGAT-1","unknown"
"GTGTGCGTCTTCATGT-1","NK cells"
"GTGTTAGAGAGTGAGA-1","NK cells"
"GTGTTAGAGATAGTCA-1","CD4+ T cells"
"GTGTTAGAGGATGTAT-1","CD14+ monocytes"
"GTGTTAGTCTACCTGC-1","CD4+ T cells"
"GTTAAGCTCGTAGGTT-1","NK cells"
"GTTCATTAGTGTACGG-1","CD4+ T cells"
"GTTCATTGTAGAAGGA-1","CD8+ T cells"
"GTTCATTTCGAACGGA-1","unknown"
"GTTCGGGAGACTTGAA-1","unknown"
"GTTCGGGCAACGATCT-1","CD4+ T cells"
"GTTCGGGTCATTCACT-1","CD4+ T cells"
"GTTCTCGCAGGATCGA-1","CD4+ T cells"
"GTTCTCGGTGTGACCC-1","CD4+ T cells"
"GTTCTCGTCCTTCAAT-1","CD4+ T cells"
"GTTCTCGTCGTTACGA-1","CD8+ T cells"
"GTTCTCGTCTAACGGT-1","unknown"
"GTTTCTAAGCCAACAG-1","CD4+ T cells"
"GTTTCTAGTCTCTCTG-1","NK cells"
"GTTTCTAGTTATCACG-1","unknown"
"GTTTCTATCACGCATA-1","NK cells"
"GTTTCTATCGAATCCA-1","unknown"
"TAAACCGCAACGCACC-1","CD4+ T cells"
"TAAACCGCACGGATAG-1","NK cells"
"TAAACCGGTATAGGGC-1","CD4+ T cells"
"TAAGAGAAGAATTGTG-1","CD8+ T cells"
"TAAGAGACAGGGATTG-1","CD8+ T cells"
"TAAGAGAGTTCCAACA-1","B cells"
"TAAGAGATCGGCCGAT-1","CD4+ T cells"
"TAAGCGTCAACTGCGC-1","CD14+ monocytes"
"TAAGCGTTCGGCGCAT-1","CD4+ T cells"
"TAAGTGCAGCGGATCA-1","unknown"
"TACACGAAGCACGCCT-1","unknown"
"TACACGAGTCGGCATC-1","CD4+ T cells"
"TACAGTGAGCGGATCA-1","NK cells"
"TACAGTGCACGACTCG-1","CD8+ T cells"
"TACAGTGGTAGGCTGA-1","CD4+ T cells"
"TACAGTGGTATCGCAT-1","NK cells"
"TACAGTGTCAACGCTA-1","CD14+ monocytes"
"TACCTATAGCTAAGAT-1","NK cells"
"TACCTATCAGGGTATG-1","NK cells"
"TACCTATCATAGAAAC-1","CD8+ T cells"
"TACCTATCATATACGC-1","unknown"
"TACCTATGTTCGAATC-1","CD8+ T cells"
"TACCTATTCCATGAGT-1","CD4+ T cells"
"TACCTATTCTTGCATT-1","CD8+ T cells"
"TACCTTACAGACAAGC-1","CD4+ T cells"
"TACCTTATCTCTGAGA-1","CD8+ T cells"
"TACGGATCAGACGCTC-1","NK cells"
"TACGGGCTCAATCACG-1","CD4+ T cells"
"TACGGTAAGAGGGATA-1","NK cells"
"TACGGTAAGGATGGAA-1","unknown"
"TACGGTACACAACGCC-1","CD4+ T cells"
"TACGGTAGTATCGCAT-1","NK cells"
"TACGGTAGTTACTGAC-1","NK cells"
"TACTCATAGGCCATAG-1","CD4+ T cells"
"TACTCATAGTCGCCGT-1","CD4+ T cells"
"TACTCGCGTAGCACGA-1","CD4+ T cells"
"TACTCGCTCAGTTGAC-1","B cells"
"TACTTACGTATGAATG-1","CD4+ T cells"
"TACTTACTCCCAACGG-1","CD14+ monocytes"
"TACTTGTAGACCGGAT-1","CD4+ T cells"
"TACTTGTCAATCTGCA-1","NK cells"
"TACTTGTGTAGCAAAT-1","CD4+ T cells"
"TACTTGTGTCCCGACA-1","NK cells"
"TACTTGTTCTTACCTA-1","CD4+ T cells"
"TAGACCAAGATCCCGC-1","NK cells"
"TAGACCACATTTGCCC-1","NK cells"
"TAGACCAGTCCGACGT-1","CD4+ T cells"
"TAGACCAGTTGGTTTG-1","unknown"
"TAGACCATCATAACCG-1","CD4+ T cells"
"TAGACCATCTCTTATG-1","unknown"
"TAGACCATCTGCTGCT-1","CD4+ T cells"
"TAGAGCTAGCCGATTT-1","B cells"
"TAGAGCTGTATGAAAC-1","NK cells"
"TAGAGCTGTGTTGAGG-1","CD4+ T cells"
"TAGGCATAGTCATGCT-1","CD4+ T cells"
"TAGGCATGTGCAACTT-1","CD4+ T cells"
"TAGGCATGTGCATCTA-1","CD8+ T cells"
"TAGGCATTCCGGGTGT-1","CD4+ T cells"
"TAGTGGTAGAAGGGTA-1","CD4+ T cells"
"TAGTGGTAGCATGGCA-1","CD8+ T cells"
"TAGTGGTCAGATCCAT-1","CD14+ monocytes"
"TAGTGGTTCACCACCT-1","unknown"
"TAGTTGGAGACGACGT-1","CD14+ monocytes"
"TATCAGGAGTCACGCC-1","CD4+ T cells"
"TATCAGGCATCGACGC-1","B cells"
"TATCTCATCTACTCAT-1","CD4+ T cells"
"TATGCCCAGCAGCGTA-1","CD8+ T cells"
"TATGCCCAGGCCCGTT-1","NK cells"
"TATGCCCGTACAGTTC-1","CD8+ T cells"
"TATGCCCGTCGCGGTT-1","CD4+ T cells"
"TATGCCCTCTAGCACA-1","CD8+ T cells"
"TATTACCAGGGAAACA-1","CD8+ T cells"
"TATTACCGTCCCGACA-1","CD8+ T cells"
"TATTACCTCCTATTCA-1","CD4+ T cells"
"TCAATCTAGTTAAGTG-1","CD4+ T cells"
"TCAATCTCAGACTCGC-1","CD4+ T cells"
"TCAATCTTCAAACAAG-1","CD16+ monocytes"
"TCAATCTTCACCCTCA-1","unknown"
"TCAATCTTCCCTTGCA-1","unknown"
"TCAATCTTCTCGATGA-1","CD14+ monocytes"
"TCACAAGAGCGATCCC-1","CD8+ T cells"
"TCACAAGTCTGTCTCG-1","unknown"
"TCACGAAAGGGATCTG-1","NK cells"
"TCACGAAGTCTAGCGC-1","B cells"
"TCACGAATCCTAGAAC-1","unknown"
"TCAGATGAGGCATTGG-1","CD4+ T cells"
"TCAGATGTCTCATTCA-1","unknown"
"TCAGCAAAGCGACGTA-1","CD8+ T cells"
"TCAGCTCGTACACCGC-1","CD14+ monocytes"
"TCAGGATCATGCGCAC-1","unknown"
"TCAGGATTCGCTTAGA-1","CD4+ T cells"
"TCAGGTACAATAGAGT-1","CD4+ T cells"
"TCAGGTACACCAACCG-1","CD4+ T cells"
"TCAGGTACACCGAAAG-1","NK cells"
"TCAGGTAGTCACCCAG-1","CD8+ T cells"
"TCAGGTAGTGCCTGTG-1","CD4+ T cells"
"TCAGGTAGTTATGCGT-1","CD8+ T cells"
"TCATTACAGACCACGA-1","CD4+ T cells"
"TCATTACAGCGTAGTG-1","NK cells"
"TCATTACCATACGCTA-1","CD4+ T cells"
"TCATTACCATTGGGCC-1","NK cells"
"TCATTACTCAGGCAAG-1","CD4+ T cells"
"TCATTACTCATCACCC-1","unknown"
"TCATTTGAGTAACCCT-1","NK cells"
"TCATTTGGTGGTCCGT-1","unknown"
"TCCACACTCTCTTGAT-1","NK cells"
"TCCCGATAGGTCGGAT-1","CD14+ monocytes"
"TCCCGATAGTCCCACG-1","CD8+ T cells"
"TCCCGATCACAGACAG-1","CD4+ T cells"
"TCCCGATTCCGAAGAG-1","CD4+ T cells"
"TCCCGATTCGTTTATC-1","CD4+ T cells"
"TCCCGATTCTGCGTAA-1","unknown"
"TCGAGGCAGAAGGACA-1","CD4+ T cells"
"TCGAGGCCACGACTCG-1","NK cells"
"TCGAGGCCACTGTGTA-1","NK cells"
"TCGAGGCCAGATCCAT-1","CD8+ T cells"
"TCGAGGCGTCTAAAGA-1","unknown"
"TCGCGAGAGTCAAGCG-1","CD14+ monocytes"
"TCGCGAGGTAAATGTG-1","CD8+ T cells"
"TCGCGAGTCCTGTACC-1","CD4+ T cells"
"TCGCGTTTCGTGGACC-1","CD4+ T cells"
"TCGCGTTTCTTGTATC-1","CD4+ T cells"
"TCGGGACAGAGACGAA-1","NK cells"
"TCGGGACCATCTCGCT-1","CD14+ monocytes"
"TCGGTAACAGCGTTCG-1","NK cells"
"TCGGTAAGTTATTCTC-1","CD4+ T cells"
"TCGGTAATCACCGTAA-1","CD4+ T cells"
"TCGGTAATCAGCATGT-1","NK cells"
"TCGGTAATCATGGTCA-1","CD4+ T cells"
"TCGGTAATCGCCGTGA-1","CD4+ T cells"
"TCGTACCCACGGACAA-1","CD14+ monocytes"
"TCGTAGAAGGACCACA-1","NK cells"
"TCGTAGAGTGTTTGTG-1","CD4+ T cells"
"TCTATTGAGAGTCGGT-1","CD4+ T cells"
"TCTATTGGTATTAGCC-1","CD4+ T cells"
"TCTATTGTCTCCCTGA-1","CD8+ T cells"
"TCTCATACATGGTAGG-1","CD4+ T cells"
"TCTCATACATTAACCG-1","CD8+ T cells"
"TCTCATACATTCTCAT-1","CD8+ T cells"
"TCTCATAGTGTTCGAT-1","CD4+ T cells"
"TCTCATATCTAAGCCA-1","CD4+ T cells"
"TCTCTAACAGATCGGA-1","CD4+ T cells"
"TCTGAGACAAGTCATC-1","CD4+ T cells"
"TCTGAGAGTTACGACT-1","CD4+ T cells"
"TCTGGAACAGGATCGA-1","NK cells"
"TCTGGAAGTATCGCAT-1","CD4+ T cells"
"TCTGGAAGTGTTGAGG-1","NK cells"
"TCTGGAATCGAGAGCA-1","unknown"
"TCTTTCCCAATCGAAA-1","CD14+ monocytes"
"TCTTTCCTCAAACAAG-1","B cells"
"TCTTTCCTCACCCGAG-1","NK cells"
"TCTTTCCTCGGTGTTA-1","CD8+ T cells"
"TCTTTCCTCTCAACTT-1","B cells"
"TGAAAGAAGGACACCA-1","CD4+ T cells"
"TGAAAGAGTTCCACGG-1","CD4+ T cells"
"TGAAAGATCAGAGACG-1","CD4+ T cells"
"TGAAAGATCAGTTGAC-1","CD4+ T cells"
"TGACAACCAAGCTGGA-1","CD8+ T cells"
"TGACAACCACAAGCCC-1","NK cells"
"TGACGGCAGAATAGGG-1","CD4+ T cells"
"TGACGGCTCAATCACG-1","CD4+ T cells"
"TGACTAGCATCACGAT-1","NK cells"
"TGACTAGTCCCTAACC-1","CD4+ T cells"
"TGACTAGTCTCGCTTG-1","NK cells"
"TGACTAGTCTTACCTA-1","NK cells"
"TGACTTTTCATGTGGT-1","CD14+ monocytes"
"TGACTTTTCCACTCCA-1","NK cells"
"TGAGAGGCACGTAAGG-1","B cells"
"TGAGAGGCATGCTAGT-1","CD4+ T cells"
"TGAGCATAGGAGTCTG-1","CD4+ T cells"
"TGAGCATAGGCACATG-1","CD4+ T cells"
"TGAGCATAGTTTGCGT-1","unknown"
"TGAGCCGCAACACCCG-1","CD4+ T cells"
"TGAGCCGGTCTCTCGT-1","CD4+ T cells"
"TGAGCCGTCTGAGTGT-1","B cells"
"TGAGCCGTCTTCTGGC-1","unknown"
"TGAGGGACACCAGTTA-1","NK cells"
"TGAGGGAGTGTCGCTG-1","B cells"
"TGAGGGATCCATGAAC-1","CD14+ monocytes"
"TGATTTCAGGGTTTCT-1","unknown"
"TGATTTCTCGGTTAAC-1","B cells"
"TGCACCTAGACACTAA-1","NK cells"
"TGCACCTAGCAGACTG-1","CD4+ T cells"
"TGCACCTAGCGTAATA-1","CD8+ T cells"
"TGCACCTAGCTCCTCT-1","B cells"
"TGCACCTCAAAGAATC-1","CD4+ T cells"
"TGCACCTTCAACCAAC-1","CD4+ T cells"
"TGCACCTTCCACTCCA-1","CD4+ T cells"
"TGCACCTTCCTCGCAT-1","NK cells"
"TGCACCTTCTGCTGTC-1","CD14+ monocytes"
"TGCCAAATCCCTTGCA-1","NK cells"
"TGCCCATCACGGTTTA-1","CD4+ T cells"
"TGCCCATCAGCGTCCA-1","CD8+ T cells"
"TGCCCATGTATTCTCT-1","CD8+ T cells"
"TGCCCTATCACTCCTG-1","CD4+ T cells"
"TGCGCAGAGAATTGTG-1","CD4+ T cells"
"TGCGCAGAGTATCTCG-1","NK cells"
"TGCGCAGAGTGACTCT-1","CD4+ T cells"
"TGCGCAGTCAGCGACC-1","CD8+ T cells"
"TGCGCAGTCGTTGCCT-1","unknown"
"TGCGTGGAGCCCAACC-1","unknown"
"TGCGTGGCACTGTCGG-1","CD8+ T cells"
"TGCGTGGTCCGAAGAG-1","CD4+ T cells"
"TGCTACCCACGCCAGT-1","CD8+ T cells"
"TGCTACCCAGGGTTAG-1","CD14+ monocytes"
"TGGACGCCATATACCG-1","NK cells"
"TGGACGCGTCGCGAAA-1","unknown"
"TGGCCAGCAGGGAGAG-1","CD8+ T cells"
"TGGCCAGTCTAACGGT-1","NK cells"
"TGGCGCATCAGCGACC-1","unknown"
"TGGCTGGCACGAAATA-1","CD4+ T cells"
"TGGCTGGGTAAACCTC-1","CD4+ T cells"
"TGGCTGGGTGAGGGAG-1","unknown"
"TGGGAAGAGTGAAGAG-1","CD4+ T cells"
"TGGGAAGCAGGCTGAA-1","NK cells"
"TGGGCGTTCTACTATC-1","B cells"
"TGGTTAGGTCTTGATG-1","CD4+ T cells"
"TGGTTCCAGGCAAAGA-1","NK cells"
"TGGTTCCCATTACCTT-1","CD4+ T cells"
"TGGTTCCGTCTCTTAT-1","CD8+ T cells"
"TGGTTCCTCAACCATG-1","NK cells"
"TGTATTCGTCGATTGT-1","B cells"
"TGTCCCAAGATGTCGG-1","CD4+ T cells"
"TGTCCCACATGGTTGT-1","CD4+ T cells"
"TGTCCCAGTAAAGTCA-1","CD14+ monocytes"
"TGTCCCAGTTGGTTTG-1","CD8+ T cells"
"TGTCCCAGTTTCCACC-1","CD4+ T cells"
"TGTGGTACAGCTGCTG-1","unknown"
"TGTGGTAGTCGGCACT-1","CD4+ T cells"
"TGTGTTTCAAAGCAAT-1","CD4+ T cells"
"TGTGTTTCACAGGCCT-1","CD8+ T cells"
"TGTTCCGCAACGATGG-1","CD4+ T cells"
"TGTTCCGCAGCTCGAC-1","CD4+ T cells"
"TGTTCCGCATTGGGCC-1","CD4+ T cells"
"TGTTCCGGTACCATCA-1","CD4+ T cells"
"TTAACTCAGCAGCGTA-1","CD4+ T cells"
"TTAACTCAGGGTTTCT-1","CD8+ T cells"
"TTAACTCAGTGAAGAG-1","CD4+ T cells"
"TTAACTCTCATGCAAC-1","CD8+ T cells"
"TTAACTCTCGTAGGTT-1","CD8+ T cells"
"TTAACTCTCTGGTATG-1","CD4+ T cells"
"TTAGGCAAGAGCTTCT-1","CD4+ T cells"
"TTAGGCAGTCTGATTG-1","CD4+ T cells"
"TTAGGCATCTATCGCC-1","unknown"
"TTAGTTCAGCTAAGAT-1","unknown"
"TTAGTTCTCCTCGCAT-1","CD4+ T cells"
"TTAGTTCTCGTCCGTT-1","CD4+ T cells"
"TTCCCAGGTCTCCACT-1","NK cells"
"TTCGAAGGTACAGACG-1","NK cells"
"TTCGGTCGTATCACCA-1","B cells"
"TTCGGTCTCTTGTTTG-1","unknown"
"TTCTACAAGAAGGGTA-1","CD14+ monocytes"
"TTCTACAAGTGAAGTT-1","CD4+ T cells"
"TTCTACATCTGAAAGA-1","CD4+ T cells"
"TTCTCAAAGACGACGT-1","CD4+ T cells"
"TTCTCAAGTCGCGGTT-1","CD4+ T cells"
"TTCTCCTGTATCAGTC-1","CD8+ T cells"
"TTCTTAGGTACTCGCG-1","CD4+ T cells"
"TTCTTAGTCTACTATC-1","unknown"
"TTGAACGCAGGTTTCA-1","CD8+ T cells"
"TTGAACGGTCCGAAGA-1","CD8+ T cells"
"TTGAACGGTGGGTATG-1","B cells"
"TTGAACGTCGTACCGG-1","CD4+ T cells"
"TTGACTTAGACTGTAA-1","CD8+ T cells"
"TTGACTTAGAGTACCG-1","CD4+ T cells"
"TTGACTTCAGCTGTTA-1","CD4+ T cells"
"TTGACTTTCAGGTTCA-1","CD4+ T cells"
"TTGACTTTCATTCACT-1","CD4+ T cells"
"TTGCCGTCAAGTACCT-1","NK cells"
"TTGCCGTCATTACCTT-1","unknown"
"TTGCCGTGTATGCTTG-1","CD8+ T cells"
"TTGCGTCTCACTCCTG-1","NK cells"
"TTGGCAAAGCCGATTT-1","unknown"
"TTGGCAACAGGAATGC-1","NK cells"
"TTGGCAATCTGGCGTG-1","unknown"
"TTGTAGGAGGAGTACC-1","CD4+ T cells"
"TTGTAGGCATGCCTTC-1","B cells"
"TTGTAGGTCTACTATC-1","CD8+ T cells"
"TTGTAGGTCTGATTCT-1","CD4+ T cells"
"TTTACTGAGCATGGCA-1","unknown"
"TTTATGCCATCTCGCT-1","NK cells"
"TTTATGCGTAACGCGA-1","CD4+ T cells"
"TTTATGCTCTATGTGG-1","CD4+ T cells"
"TTTCCTCCACACATGT-1","CD4+ T cells"
"TTTCCTCCATCCGCGA-1","unknown"
"TTTGCGCGTCATATCG-1","unknown"
"TTTGCGCGTCGTCTTC-1","CD4+ T cells"
"TTTGCGCTCTTCCTTC-1","CD4+ T cells"
"TTTGGTTCAACTGGCC-1","B cells"
"TTTGGTTCACCATGTA-1","CD14+ monocytes"
"TTTGGTTGTCAGAATA-1","unknown"
"TTTGGTTTCCACGCAG-1","CD4+ T cells"
"TTTGTCAAGAAACCTA-1","CD8+ T cells"
"TTTGTCACAAAGCAAT-1","unknown"
"TTTGTCACATGAGCGA-1","CD4+ T cells"
"TTTGTCATCATGTCTT-1","CD8+ T cells"
