"","Death","Time","age","pathologic_stage","pathologic_T","pathologic_N","pathologic_M","gender"
"TCGA.2V.A95S","0",NA,NA,"stage ii","t2","nx","mx","male"
"TCGA.2Y.A9GS","1",724,"58",NA,"t2","nx","mx","male"
"TCGA.2Y.A9GT","1",1624,"51","stage i","t1","nx","mx","male"
"TCGA.2Y.A9GU","0",1939,"55","stage i","t1","nx","mx","female"
"TCGA.2Y.A9GV","1",2532,"54","stage i","t1","nx","mx","female"
"TCGA.2Y.A9GW","1",1271,"64","stage i","t1","n0","mx","male"
"TCGA.2Y.A9GX","0",2442,"68","stage i","t1","nx","mx","male"
"TCGA.2Y.A9GY","1",757,"64","stage ii","t2","nx","mx","female"
"TCGA.2Y.A9GZ","1",848,"82","stage ii","t2","nx","mx","female"
"TCGA.2Y.A9H0","0",3675,"49","stage iiia","t3","n0","m0","male"
"TCGA.2Y.A9H1","1",1229,"58","stage i","t1","nx","mx","male"
"TCGA.2Y.A9H2","0",1731,"64","stage i","t1","n0","mx","female"
"TCGA.2Y.A9H3","0",1516,"45","stage ii","t2","nx","mx","male"
"TCGA.2Y.A9H4","0",1452,"68","stage i","t1","n0","mx","male"
"TCGA.2Y.A9H5","1",555,"59","stage i","t1","n0","mx","female"
"TCGA.2Y.A9H6","0",357,"68","stage i","t1","nx","mx","female"
"TCGA.2Y.A9H7","0",1168,"81","stage i","t1","n0","mx","female"
"TCGA.2Y.A9H8","1",633,"85",NA,"t1","nx","mx","female"
"TCGA.2Y.A9H9","0",697,"70","stage i","t1","n0","mx","male"
"TCGA.2Y.A9HA","1",36,"70","stage ii","t2","nx","mx","male"
"TCGA.2Y.A9HB","0",260,"66","stage i","t1","nx","mx","male"
"TCGA.3K.AAZ8","0",396,"65","stage iiib","t3b","nx","mx","male"
"TCGA.4R.AA8I","1",262,"66","stage ii","t2","nx","mx","male"
"TCGA.5C.A9VG","0",328,"58","stage ii","t2","n0","m0","male"
"TCGA.5C.A9VH","0",322,"70","stage i","t1","n0","m0","male"
"TCGA.5C.AAPD","0",20,"61","stage ii","t2","n0","m0","male"
"TCGA.5R.AA1C","0",520,"57","stage ii","t2","n0","m0","male"
"TCGA.5R.AA1D","0",449,"17","stage iiia","t3a","n0","m0","female"
"TCGA.5R.AAAM","1",46,"65","stage ii","t2","n0","m0","female"
"TCGA.BC.4072","1",1490,"74","stage iiia","t3","n0","m0","female"
"TCGA.BC.4073","0",849,"73","stage iiia","t3","n0","mx","male"
"TCGA.BC.A10Q","1",1135,"72",NA,"t2","nx","mx","female"
"TCGA.BC.A10R","1",308,"66",NA,"t3","nx","mx","female"
"TCGA.BC.A10S","1",1423,"81",NA,"t3","nx","mx","male"
"TCGA.BC.A10T","1",837,"76",NA,"t4","nx","mx","male"
"TCGA.BC.A10U","1",837,"69",NA,"t2","nx","mx","male"
"TCGA.BC.A10W","1",91,"50",NA,"t4","nx","mx","male"
"TCGA.BC.A10X","1",770,"52","stage iiia","t3a","n0","mx","female"
"TCGA.BC.A10Y","1",711,"76",NA,"t4","nx","mx","male"
"TCGA.BC.A10Z","1",34,"62","stage i","t1","n0","mx","female"
"TCGA.BC.A110","1",2116,"51",NA,"t1","nx","mx","female"
"TCGA.BC.A112","1",153,"80",NA,"t3","nx","mx","male"
"TCGA.BC.A216","0",1351,"62","stage iiia","t3","nx","m0","female"
"TCGA.BC.A217","1",1397,"75","stage ii","t2","nx","m0","female"
"TCGA.BC.A3KF","0",8,"66","stage i","t1","nx","m0","female"
"TCGA.BC.A3KG","0",680,"68","stage ii","t2","n0","m0","female"
"TCGA.BC.A5W4","1",547,"69","stage iiia","t3a","nx","m0","male"
"TCGA.BC.A69H","0",444,"64","stage ii","t2","nx","m0","male"
"TCGA.BC.A69I","0",387,"69","stage i","t1","n0","m0","male"
"TCGA.BC.A8YO","0",562,"66","stage iiic","t4","n0","m0","female"
"TCGA.BD.A2L6","0",1363,"69",NA,"t2","nx","mx","male"
"TCGA.BD.A3EP","0",409,"75","stage i","t1","n0","m0","female"
"TCGA.BD.A3ER","0",1115,"62","stage ii","t2","nx","mx","male"
"TCGA.BW.A5NO","0",20,"50","stage iiia","t3a","nx","mx","male"
"TCGA.BW.A5NP","0",0,"26","stage iv","t2","n0","m1","female"
"TCGA.BW.A5NQ","0",0,"63","stage i","t1","nx","mx","male"
"TCGA.CC.5258","1",129,"48","stage ii","t2","n0","m0","male"
"TCGA.CC.5259","0",250,"60","stage iiic","t4","n0","m0","female"
"TCGA.CC.5260","1",87,"61","stage iiic","t4","n0","m0","female"
"TCGA.CC.5261","1",97,"44","stage ii","t2","n0","m0","male"
"TCGA.CC.5262","1",103,"67","stage iiic","t4","n0","m0","male"
"TCGA.CC.5263","1",129,"35","stage iiia","t3","n0","m0","male"
"TCGA.CC.5264","1",102,"71","stage iiia","t3","n0","m0","male"
"TCGA.CC.A123","0",219,"24","stage iiia","t3","n0","m0","female"
"TCGA.CC.A1HT","1",101,"50","stage iiia","t3","n0","m0","male"
"TCGA.CC.A3M9","1",300,"45","stage iiia","t3","n0","m0","male"
"TCGA.CC.A3MA","1",303,"61","stage iiia","t3","n0","m0","male"
"TCGA.CC.A3MB","1",315,"36","stage iiia","t3","n0","m0","male"
"TCGA.CC.A3MC","0",363,"54","stage iiia","t3","n0","m0","male"
"TCGA.CC.A5UC","1",347,"63","stage iiia","t3","n0","m0","male"
"TCGA.CC.A5UD","1",304,"45","stage iiia","t3","n0","m0","male"
"TCGA.CC.A5UE","1",272,"48","stage iiib","t4","n0","m0","male"
"TCGA.CC.A7IE","1",217,"57","stage iiia","t3","n0","m0","male"
"TCGA.CC.A7IF","1",649,"59","stage iiia","t3","n0","m0","male"
"TCGA.CC.A7IG","1",299,"47","stage ii","t2","n0","m0","male"
"TCGA.CC.A7IH","0",365,"58","stage iiia","t3","n0","m0","male"
"TCGA.CC.A7II","0",399,"54","stage iiia","t3","n0","m0","male"
"TCGA.CC.A7IJ","0",382,"56","stage ii","t2","n0","m0","male"
"TCGA.CC.A7IK","1",262,"59","stage iiia","t3","n0","m0","male"
"TCGA.CC.A7IL","1",278,"61","stage iiia","t3","n0","m0","male"
"TCGA.CC.A8HS","1",300,"18","stage iiic","t3","n1","m0","male"
"TCGA.CC.A8HT","1",140,"74","stage iiia","t3","n0","m0","male"
"TCGA.CC.A8HU","1",344,"39","stage iiia","t3","n0","m0","female"
"TCGA.CC.A8HV","1",279,"51","stage ii","t2","n0","m0","female"
"TCGA.CC.A9FS","0",211,"55","stage ii","t2","n0","m0","male"
"TCGA.CC.A9FU","0",0,"52","stage iiia","t3a","n0","m0","female"
"TCGA.CC.A9FV","0",0,"57","stage iiia","t3","n0","m0","male"
"TCGA.CC.A9FW","0",248,"68","stage iiia","t3","n0","m0","male"
"TCGA.DD.A113","0",2425,"55","stage ii","t2","n0","m0","female"
"TCGA.DD.A114","1",1149,"42","stage ii","t2",NA,"m0","male"
"TCGA.DD.A115","1",2542,"53","stage iiia","t3","n0","m0","male"
"TCGA.DD.A116","1",1622,"68","stage iiia","t3","n0","m0","male"
"TCGA.DD.A118","0",3437,"77","stage ii","t2","n0","m0","female"
"TCGA.DD.A119","1",223,"40","stage iv","t3a","n0","m1","male"
"TCGA.DD.A11A","0",79,"67","stage i","t1","n0","m0","male"
"TCGA.DD.A11B","1",14,"73","stage i","t1","n0","m0","male"
"TCGA.DD.A11C","0",662,"69","stage i","t1","n0","m0","male"
"TCGA.DD.A11D","1",1560,"57","stage i","t1","n0","m0","female"
"TCGA.DD.A1EA","0",2415,"68","stage ii","t2","n0","m0","male"
"TCGA.DD.A1EB","0",2017,"72","stage i","t1","n0","m0","female"
"TCGA.DD.A1EC","0",602,"20","stage i","t1","n0","m0","female"
"TCGA.DD.A1ED","0",2301,"68","stage i","t1","n0","m0","male"
"TCGA.DD.A1EE","1",349,"73","stage iiia","t3","n0","m0","male"
"TCGA.DD.A1EF","1",394,"57","stage i","t1","n0","m0","female"
"TCGA.DD.A1EG","1",1372,"76","stage i","t1","n0","m0","male"
"TCGA.DD.A1EH","0",1495,"23","stage iii","t3","n0","m0","male"
"TCGA.DD.A1EI","0",183,"46","stage i","t1","n0","m0","male"
"TCGA.DD.A1EJ","1",1005,"71","stage iiic","t1","n1","m0","female"
"TCGA.DD.A1EK","1",558,"64","stage ivb","t4","n0","m1","female"
"TCGA.DD.A1EL","1",415,"23","stage ii","t2","n0","m0","male"
"TCGA.DD.A39V","1",643,"77","stage ii","t2","nx","m0","male"
"TCGA.DD.A39W","1",827,"29","stage iii","t3","n0","m0","female"
"TCGA.DD.A39X","1",1694,"78","stage i","t1","nx","m0","female"
"TCGA.DD.A39Y","1",171,"67","stage i","t1","nx","m0","male"
"TCGA.DD.A39Z","1",601,"43","stage ii","t2","nx","m0","female"
"TCGA.DD.A3A1","1",233,"65","stage iiia","t3b","n0","m0","male"
"TCGA.DD.A3A2","1",2131,"76","stage i","t1","n0","m0","female"
"TCGA.DD.A3A3","1",535,"45","stage i","t1","n0","m0","male"
"TCGA.DD.A3A4","1",612,"37","stage iiia","t3","n0","m0","male"
"TCGA.DD.A3A5","1",3125,"66","stage iii","t3","n0","m0","female"
"TCGA.DD.A3A6","1",3258,"72","stage ii","t2","n0","m0","female"
"TCGA.DD.A3A7","1",419,"67","stage iiib","t3b","n0","m0","male"
"TCGA.DD.A3A8","1",11,"75","stage ii","t2","n0","m0","male"
"TCGA.DD.A3A9","1",931,"64","stage ivb","t4","n0","m1","female"
"TCGA.DD.A4NA","0",1008,"67","stage iiic","t2","n1","m0","female"
"TCGA.DD.A4NB","0",989,"25","stage i","t1","n0","m0","male"
"TCGA.DD.A4ND","0",2746,"56","stage i","t1","n0","m0","female"
"TCGA.DD.A4NE","1",660,"75","stage iiia","t3a","n0","m0","female"
"TCGA.DD.A4NF","0",942,"72","stage i","t1","n0","m0","male"
"TCGA.DD.A4NG","1",802,"77","stage iiia","t3a","nx","m0","male"
"TCGA.DD.A4NH","0",917,"65","stage iiib","t3b","n0","m0","female"
"TCGA.DD.A4NI","0",816,"67","stage ii","t2","nx","m0","male"
"TCGA.DD.A4NJ","0",928,"54","stage ii","t2","n0","m0","female"
"TCGA.DD.A4NK","1",1210,"80","stage iiia","t3","n0","m0","female"
"TCGA.DD.A4NL","0",1711,"46","stage i","t1","n0","m0","male"
"TCGA.DD.A4NN","1",899,"56","stage i","t1","n0","m0","female"
"TCGA.DD.A4NO","0",2245,"65","stage i","t1","n0","m0","male"
"TCGA.DD.A4NP","0",3308,"32","stage i","t1","n0","m0","male"
"TCGA.DD.A4NQ","1",373,"60","stage ii","t2","n0","m0","male"
"TCGA.DD.A4NR","1",9,"85","stage i","t1","n0","m0","female"
"TCGA.DD.A4NS","1",2456,"61","stage i","t1","n0","m0","female"
"TCGA.DD.A4NV","0",2398,"61","stage iiia","t3","n0","m0","male"
"TCGA.DD.A73A","0",728,"71","stage i","t1","n0","m0","male"
"TCGA.DD.A73B","1",283,"72","stage i","t1","n0","m0","female"
"TCGA.DD.A73C","0",701,"65","stage iiia","t3a","n0","m0","female"
"TCGA.DD.A73D","0",693,"68","stage ii","t2","nx","mx","female"
"TCGA.DD.A73E","0",44,"66","stage i","t1","n0","m0","male"
"TCGA.DD.A73F","0",1085,"77","stage i","t1","n0","m0","female"
"TCGA.DD.A73G","0",3478,"73","stage i","t1","n0","m0","female"
"TCGA.DD.AA3A","1",410,"81","stage i","t1","n0","mx","female"
"TCGA.DD.AAC8","1",16,"72","stage i","t1","n0","m0","male"
"TCGA.DD.AAC9","0",347,"51","stage i","t1","n0","m0","male"
"TCGA.DD.AACA","0",2301,"65","stage i","t1","n0","m0","male"
"TCGA.DD.AACB","0",2324,"74","stage i","t1","n0","m0","female"
"TCGA.DD.AACC","1",1685,"61","stage i","t1","n0","m0","male"
"TCGA.DD.AACD","1",381,"48","stage i","t1","n0","m0","male"
"TCGA.DD.AACE","0",2184,"62","stage i","t1","n0","m0","male"
"TCGA.DD.AACF","1",365,"68","stage i","t1","n0","m0","male"
"TCGA.DD.AACG","1",469,"52","stage ii","t2","n0","m0","male"
"TCGA.DD.AACH","1",195,"69","stage ii","t2","n0","m0","male"
"TCGA.DD.AACI","0",1618,"69","stage ii","t2","n0","m0","male"
"TCGA.DD.AACJ","0",2102,"75","stage ii","t2","n0","m0","male"
"TCGA.DD.AACK","0",9,"70","stage i","t1","n0","m0","male"
"TCGA.DD.AACL","1",107,"66","stage i","t1","n0","m0","female"
"TCGA.DD.AACN","0",1302,"32","stage i","t1","n0","m0","male"
"TCGA.DD.AACO","0",1876,"40","stage i","t1","n0","m0","male"
"TCGA.DD.AACP","0",415,"64","stage i","t1","n0","m0","male"
"TCGA.DD.AACQ","1",432,"50","stage ii","t2","n0","m0","male"
"TCGA.DD.AACS","0",1804,"39","stage i","t1","n0","m0","male"
"TCGA.DD.AACT","0",1562,"69","stage i","t1","n0","m0","female"
"TCGA.DD.AACU","0",1567,"59","stage i","t1","n0","m0","male"
"TCGA.DD.AACV","0",1531,"53","stage i","t1","n0","m0","male"
"TCGA.DD.AACW","0",1424,"43","stage i","t1","n0","m0","male"
"TCGA.DD.AACX","0",170,"66","stage ii","t2","n0","m0","male"
"TCGA.DD.AACY","0",1450,"61","stage i","t1","n0","m0","male"
"TCGA.DD.AACZ","1",171,"63","stage i","t1","n0","m0","female"
"TCGA.DD.AAD0","0",137,"73","stage i","t1","n0","m0","female"
"TCGA.DD.AAD1","0",564,"51","stage i","t1","n0","m0","female"
"TCGA.DD.AAD2","0",658,"66","stage i","t1","n0","m0","male"
"TCGA.DD.AAD3","0",1295,"43","stage i","t1","n0","m0","male"
"TCGA.DD.AAD5","0",1345,"54","stage i","t1","n0","m0","male"
"TCGA.DD.AAD6","0",672,"66","stage iiia","t3a","n0","m0","male"
"TCGA.DD.AAD8","0",1219,"73","stage i","t1","n0","m0","female"
"TCGA.DD.AADA","0",1233,"66","stage i","t1","n0","m0","female"
"TCGA.DD.AADB","0",1242,"51","stage i","t1","n0","m0","male"
"TCGA.DD.AADC","1",425,"53","stage i","t1","n0","m0","male"
"TCGA.DD.AADD","0",1231,"51","stage i","t1","n0","m0","male"
"TCGA.DD.AADF","1",115,"64","stage i","t1","n0","m0","female"
"TCGA.DD.AADG","0",1145,"70","stage iiia","t3a","n0","m0","male"
"TCGA.DD.AADI","0",1085,"43","stage i","t1","n0","m0","female"
"TCGA.DD.AADJ","0",1066,"70","stage i","t1","n0","m0","female"
"TCGA.DD.AADK","0",1049,"68","stage ii","t2","n0","m0","female"
"TCGA.DD.AADL","0",636,"58","stage i","t1","n0","m0","male"
"TCGA.DD.AADM","1",12,"58","stage ii","t2","n0","m0","male"
"TCGA.DD.AADN","0",898,"59","stage i","t1","nx","mx","male"
"TCGA.DD.AADO","0",453,"55","stage i","t1","n0","m0","male"
"TCGA.DD.AADP","0",458,"45","stage i","t1","n0","m0","male"
"TCGA.DD.AADQ","0",436,"59","stage ii","t2","n0","m0","male"
"TCGA.DD.AADR","0",2028,"58","stage i","t1","n0","m0","male"
"TCGA.DD.AADS","0",474,"63","stage i","t1","n0","m0","male"
"TCGA.DD.AADU","0",554,"60","stage ii","t2","n0","m0","male"
"TCGA.DD.AADV","0",574,"50","stage i","t1","n0","m0","male"
"TCGA.DD.AADW","0",587,"48","stage i","t1","n0","m0","male"
"TCGA.DD.AADY","0",555,"55","stage i","t1","n0","m0","female"
"TCGA.DD.AAE0","0",555,"45","stage iiia","t3a","n0","m0","female"
"TCGA.DD.AAE1","0",552,"52","stage i","t1","n0","m0","male"
"TCGA.DD.AAE2","0",638,"51","stage i","t1","n0","m0","male"
"TCGA.DD.AAE3","0",566,"50","stage i","t1","n0","m0","male"
"TCGA.DD.AAE4","0",608,"49","stage i","t1","n0","m0","female"
"TCGA.DD.AAE6","0",141,"59","stage i","t1","n0","m0","female"
"TCGA.DD.AAE7","0",644,"72","stage i","t1","n0","m0","male"
"TCGA.DD.AAE9","0",722,"69","stage i","t1","n0","m0","male"
"TCGA.DD.AAEA","0",575,"65","stage i","t1","n0","m0","male"
"TCGA.DD.AAEB","0",478,"60","stage i","t1","n0","m0","male"
"TCGA.DD.AAED","0",763,"51","stage i","t1","n0","m0","male"
"TCGA.DD.AAEE","0",810,"55","stage i","t1","n0","m0","male"
"TCGA.DD.AAEG","0",719,"59","stage i","t1","n0","m0","female"
"TCGA.DD.AAEH","0",784,"73","stage i","t1","n0","m0","male"
"TCGA.DD.AAEI","0",1531,"72","stage i","t1","n0","m0","male"
"TCGA.DD.AAEK","0",1067,"51","stage ii","t2","n0","m0","male"
"TCGA.DD.AAVP","0",2752,"48","stage i","t1","n0","m0","male"
"TCGA.DD.AAVQ","0",2728,"38","stage i","t1","n0","m0","male"
"TCGA.DD.AAVR","0",2513,"44","stage i","t1","n0","m0","male"
"TCGA.DD.AAVS","0",1823,"56","stage i","t1","n0","m0","male"
"TCGA.DD.AAVU","0",2202,"46","stage ii","t2","n0","m0","male"
"TCGA.DD.AAVV","0",2455,"56","stage ii","t2","n0","m0","male"
"TCGA.DD.AAVW","0",2317,"35","stage i","t1","n0","m0","male"
"TCGA.DD.AAVX","0",1718,"38","stage ii","t2","n0","m0","male"
"TCGA.DD.AAVY","0",1970,"56","stage iiia","t3","n0","m0","male"
"TCGA.DD.AAVZ","0",1900,"38","stage i","t1","n0","m0","male"
"TCGA.DD.AAW0","0",2015,"54","stage i","t1","n0","m0","male"
"TCGA.DD.AAW1","0",1989,"55","stage iiia","t3","n0","m0","male"
"TCGA.DD.AAW2","0",1855,"69","stage i","t1","n0","m0","male"
"TCGA.DD.AAW3","0",1633,"69","stage i","t1","n0","m0","male"
"TCGA.ED.A459","0",910,"47","stage ii","t2","n0","m0","male"
"TCGA.ED.A4XI","0",819,"58","stage ii","t2","n0","m0","male"
"TCGA.ED.A5KG","0",854,"60","stage ii","t2","n0","m0","female"
"TCGA.ED.A627","0",423,"74","stage i","t1","nx","m0","male"
"TCGA.ED.A66X","0",406,"35","stage iiia","t3a","n0","m0","male"
"TCGA.ED.A66Y","1",296,"51","stage iiia","t3a","n0","m0","female"
"TCGA.ED.A7PX","0",6,"48","stage ii","t2","nx","m0","female"
"TCGA.ED.A7PY","0",390,"20","stage ii","t2","nx","m0","female"
"TCGA.ED.A7PZ","0",6,"61","stage ii","t2","nx","m0","male"
"TCGA.ED.A7XO","0",427,"29","stage iiia","t3a","n0","m0","male"
"TCGA.ED.A7XP","0",400,"53","stage ii","t2","n0","m0","female"
"TCGA.ED.A82E","0",408,"60","stage iiia","t3a","n0","m0","female"
"TCGA.ED.A8O5","0",406,"59","stage iiia","t3a","n0","m0","female"
"TCGA.ED.A8O6","1",56,"50","stage iiia","t3a","n0","m0","female"
"TCGA.ED.A97K","0",6,"54","stage iiia","t3a","n0","m0","male"
"TCGA.EP.A12J","0",570,"62","stage i","t1","nx","mx","male"
"TCGA.EP.A26S","0",608,"70","stage i","t1","n0","mx","male"
"TCGA.EP.A2KA","1",627,"52","stage iiia","t3a","nx","mx","female"
"TCGA.EP.A2KB","1",596,"46","stage i","t1","nx","mx","female"
"TCGA.EP.A2KC","1",19,"62","stage i","t1","nx","mx","male"
"TCGA.EP.A3JL","0",303,"76","stage i","t1","nx","mx","male"
"TCGA.EP.A3RK","0",363,"73","stage iiia","t3a","nx","mx","male"
"TCGA.ES.A2HS","1",688,"80","stage i","t1","nx","mx","male"
"TCGA.ES.A2HT","1",438,"54","stage i","t1","nx","mx","male"
"TCGA.FV.A23B","1",1852,"70","stage ii","t2","n0","m0","female"
"TCGA.FV.A2QQ","0",729,"80","stage i","t1","n0","mx","male"
"TCGA.FV.A2QR","1",581,NA,"stage i","t1","n0","m0","male"
"TCGA.FV.A3I0","0",848,"76","stage ii","t2","nx","m0","female"
"TCGA.FV.A3I1","1",247,NA,"stage ii","t2","n0","mx","female"
"TCGA.FV.A3R2","1",194,"75","stage i","t1","nx","mx","male"
"TCGA.FV.A3R3","1",366,"38","stage i","t1","nx","mx","female"
"TCGA.FV.A495","0",1,"51","stage ii","t2","nx","m0","female"
"TCGA.FV.A496","0",10,"84","stage i","t1","nx","m0","female"
"TCGA.FV.A4ZP","1",2486,"78","stage iiia","t3","nx","m0","male"
"TCGA.FV.A4ZQ","0",12,"52","stage i","t1","nx","m0","male"
"TCGA.G3.A25S","1",416,"64","stage i","t1","n0","m0","male"
"TCGA.G3.A25T","0",1553,"45","stage iiia","t3","n0","m0","female"
"TCGA.G3.A25U","0",1636,"63","stage i","t1","n0","m0","female"
"TCGA.G3.A25V","0",860,"68","stage i","t1","n0","m0","male"
"TCGA.G3.A25X","0",1779,"73","stage ii","t2","n0","m0","male"
"TCGA.G3.A25Y","1",452,"52","stage i","t1","n0","m0","female"
"TCGA.G3.A25Z","0",655,"58","stage i","t1","n0","m0","male"
"TCGA.G3.A3CG","0",673,"80","stage i","t1","n0","m0","male"
"TCGA.G3.A3CH","0",780,"53","stage iiia","t3a","n0","m0","male"
"TCGA.G3.A3CI","0",180,"71","stage i","t1","n0","m0","male"
"TCGA.G3.A3CJ","0",594,"52","stage ii","t2","n0","m0","male"
"TCGA.G3.A3CK","0",585,"61","stage i","t1","n0","m0","male"
"TCGA.G3.A5SI","1",768,"44","stage ii","t2","n0","m0","male"
"TCGA.G3.A5SJ","0",698,"59","stage i","t1","nx","m0","male"
"TCGA.G3.A5SK","0",744,"58","stage i","t1","nx","m0","male"
"TCGA.G3.A5SL","0",621,"70","stage ii","t2","nx","m0","male"
"TCGA.G3.A5SM","0",520,"58","stage ii","t2","nx","m0","male"
"TCGA.G3.A6UC","0",671,"65","stage iiib","t3b","n0","m0","male"
"TCGA.G3.A7M5","0",447,"76","stage i","t1","nx","mx","male"
"TCGA.G3.A7M6","0",632,"60","stage i","t1","nx","mx","female"
"TCGA.G3.A7M7","0",361,"65","stage i","t1","nx","mx","male"
"TCGA.G3.A7M8","0",430,"31","stage i","t1","nx","mx","male"
"TCGA.G3.A7M9","1",56,"70","stage iiib","t3b","nx","mx","male"
"TCGA.G3.AAUZ","0",480,"48","stage i","t1","n0","m0","male"
"TCGA.G3.AAV0","0",476,"58","stage i","t1","n0","m0","male"
"TCGA.G3.AAV1","1",359,"51","stage iiic","t4","n0","m0","male"
"TCGA.G3.AAV2","0",372,"50","stage i","t1","n0","m0","male"
"TCGA.G3.AAV3","0",412,"58","stage ii","t2","n0","m0","female"
"TCGA.G3.AAV4","1",27,"83","stage i","t1","n0","m0","female"
"TCGA.G3.AAV5","0",354,"67","stage ii","t2","n0","m0","male"
"TCGA.G3.AAV6","1",65,"53","stage iiia","t3a","n0","m0","female"
"TCGA.G3.AAV7","0",361,"38","stage ii","t2","n0","m0","male"
"TCGA.GJ.A3OU","0",879,"59","stage i","t1","nx","mx","male"
"TCGA.GJ.A6C0","1",31,"75","stage ii","t2","nx","mx","female"
"TCGA.GJ.A9DB","1",67,"68","stage i","t1","n0","mx","male"
"TCGA.HP.A5MZ","1",91,"62","stage i","t1","nx","m0","male"
"TCGA.HP.A5N0","1",1147,"87",NA,"tx","nx","m0","female"
"TCGA.K7.A5RF","0",631,"64","stage i","t1","nx","mx","male"
"TCGA.K7.A5RG","0",519,"66","stage i","t1","nx","mx","male"
"TCGA.K7.A6G5","0",512,"66","stage i","t1","n0","mx","male"
"TCGA.K7.AAU7","0",359,"61","stage ii","t2a","nx","mx","male"
"TCGA.KR.A7K0","1",65,"65","stage i","t1","n0","m0","male"
"TCGA.KR.A7K2","0",829,"64","stage i","t1","n0","m0","male"
"TCGA.KR.A7K7","0",951,"61","stage ii","t2","n0","m0","female"
"TCGA.KR.A7K8","0",906,"57","stage i","t1","n0","m0","male"
"TCGA.LG.A6GG","0",387,"79","stage ii","t2","nx","m0","female"
"TCGA.LG.A9QC","0",425,"48","stage i","t1","nx","m0","male"
"TCGA.LG.A9QD","0",366,"68","stage iiia","t3a","n0","m0","male"
"TCGA.MI.A75C","0",291,"64","stage i","t1","n0","m0","male"
"TCGA.MI.A75E","0",507,"61","stage iiic","t4","n0","m0","male"
"TCGA.MI.A75G","0",698,"63","stage ii","t2","n0","m0","male"
"TCGA.MI.A75H","0",747,"77",NA,NA,"nx","mx","male"
"TCGA.MI.A75I","0",630,"61",NA,"t2","nx","mx","male"
"TCGA.MR.A520","0",229,"58","stage i","t1","nx","mx","male"
"TCGA.MR.A8JO","0",330,"34","stage i","t1","n0","mx","male"
"TCGA.NI.A4U2","1",1791,"71","stage iiia","t3","nx","mx","male"
"TCGA.NI.A8LF","0",799,"74","stage i","t1","nx","mx","male"
"TCGA.O8.A75V","0",538,"54","stage i","t1","nx","mx","male"
"TCGA.PD.A5DF","1",639,"58","stage iiib","t4","n0","m0","female"
"TCGA.QA.A7B7","0",94,"48","stage ii","t2","nx","mx","male"
"TCGA.RC.A6M3","0",0,"24","stage ii","t2","n0","m0","male"
"TCGA.RC.A6M4","0",22,"74","stage iiia","t3","nx","mx","female"
"TCGA.RC.A6M5","0",15,"20","stage iva","t1","n1","m0","female"
"TCGA.RC.A6M6","0",9,"75","stage ii","t2","nx","m0","male"
"TCGA.RC.A7S9","0",640,"47","stage i","t1","n0","m0","female"
"TCGA.RC.A7SB","0",588,"53","stage ii","t2","n0","m0","male"
"TCGA.RC.A7SF","0",579,"66","stage i","t1","n0","m0","male"
"TCGA.RC.A7SH","0",468,"42","stage ii","t2","n0","m0","male"
"TCGA.RC.A7SK","0",472,"59","stage i","t1","n0","m0","male"
"TCGA.RG.A7D4","0",1098,"69","stage ii","t2","n0","m0","male"
"TCGA.T1.A6J8","0",23,"68",NA,"t1","nx","m0","male"
"TCGA.UB.A7MA","0",848,"62","stage ii","t2b","n0","m0","female"
"TCGA.UB.A7MB","0",601,"24","stage ii","t2","nx","mx","male"
"TCGA.UB.A7MC","0",500,"59","stage iiia","t3a","n0","mx","male"
"TCGA.UB.A7MD","1",52,"67","stage i","t1","n0","mx","male"
"TCGA.UB.A7ME","0",486,"51","stage i","t1","nx","mx","male"
"TCGA.UB.A7MF","1",214,"56","stage iiia","t3a","nx","mx","male"
"TCGA.UB.AA0U","0",327,"60","stage ii","t2","nx","mx","male"
"TCGA.UB.AA0V","0",314,"69","stage i",NA,"nx","mx","female"
"TCGA.WJ.A86L","0",345,"68","stage i","t1","nx","mx","female"
"TCGA.WQ.A9G7","0",30,NA,NA,"t3a","nx","m0","female"
"TCGA.WQ.AB4B","0",395,"62","stage ii","t2","nx","m0","male"
"TCGA.WX.AA44","0",615,"64","stage i","t1","nx","mx","female"
"TCGA.WX.AA46","0",756,"61","stage ii","t2","nx","mx","male"
"TCGA.WX.AA47","1",556,"33","stage iiia","t3a","nx","mx","female"
"TCGA.XR.A8TC","0",1339,"43","stage i","t1","nx","mx","female"
"TCGA.XR.A8TD","0",1030,"49","stage iiib","t3","n0","m0","female"
"TCGA.XR.A8TE","0",925,"16","stage iiia","t3","n0","mx","male"
"TCGA.XR.A8TF","1",693,"74","stage i","t1","nx","mx","male"
"TCGA.XR.A8TG","0",898,"58","stage i","t1","nx","m0","male"
"TCGA.YA.A8S7","1",412,"68","stage iiia","t3a","n0","mx","male"
"TCGA.ZP.A9CV","1",1088,"59",NA,"t1","nx","mx","male"
"TCGA.ZP.A9CY","0",782,"66",NA,"t1","nx","mx","female"
"TCGA.ZP.A9CZ","0",706,"72",NA,"t1","nx","mx","male"
"TCGA.ZP.A9D0","0",1091,"67",NA,"t1","nx","mx","female"
"TCGA.ZP.A9D1","0",21,"56",NA,"t1","nx","mx","female"
"TCGA.ZP.A9D2","1",765,"51",NA,"t2","nx","mx","male"
"TCGA.ZP.A9D4","0",395,"64",NA,"t1","nx","mx","female"
"TCGA.ZS.A9CD","1",1386,"73","stage ii","t2","nx","mx","male"
"TCGA.ZS.A9CE","0",1241,"79","stage ii","t2","nx","mx","female"
"TCGA.ZS.A9CF","0",2412,"64","stage ii","t2","nx","mx","male"
"TCGA.ZS.A9CG","0",341,"55","stage ii","t2","nx","mx","male"
